
> api@0.0.1 start:dev
> nest start --watch

[2J[3J[H[[90m1:10:38 AM[0m] Starting compilation in watch mode...

[[90m1:10:43 AM[0m] Found 0 errors. Watching for file changes.

[32m[Nest] 16480  - [39m08/19/2026, 1:10:44 AM [32m    LOG[39m [38;5;3m[NestFactory] [39m[32mStarting Nest application...[39m
[32m[Nest] 16480  - [39m08/19/2026, 1:10:44 AM [32m    LOG[39m [38;5;3m[InstanceLoader] [39m[32mAppModule dependencies initialized[39m[38;5;3m +30ms[39m
[32m[Nest] 16480  - [39m08/19/2026, 1:10:44 AM [32m    LOG[39m [38;5;3m[InstanceLoader] [39m[32mPrismaModule dependencies initialized[39m[38;5;3m +7ms[39m
[32m[Nest] 16480  - [39m08/19/2026, 1:10:44 AM [32m    LOG[39m [38;5;3m[InstanceLoader] [39m[32mPassportModule dependencies initialized[39m[38;5;3m +7ms[39m
[32m[Nest] 16480  - [39m08/19/2026, 1:10:44 AM [32m    LOG[39m [38;5;3m[InstanceLoader] [39m[32mJwtModule dependencies initialized[39m[38;5;3m +3ms[39m
[32m[Nest] 16480  - [39m08/19/2026, 1:10:44 AM [32m    LOG[39m [38;5;3m[InstanceLoader] [39m[32mRealtimeModule dependencies initialized[39m[38;5;3m +2ms[39m
[32m[Nest] 16480  - [39m08/19/2026, 1:10:44 AM [32m    LOG[39m [38;5;3m[InstanceLoader] [39m[32mActivityModule dependencies initialized[39m[38;5;3m +2ms[39m
[32m[Nest] 16480  - [39m08/19/2026, 1:10:44 AM [32m    LOG[39m [38;5;3m[InstanceLoader] [39m[32mUsersModule dependencies initialized[39m[38;5;3m +0ms[39m
[32m[Nest] 16480  - [39m08/19/2026, 1:10:44 AM [32m    LOG[39m [38;5;3m[InstanceLoader] [39m[32mNotificationsModule dependencies initialized[39m[38;5;3m +1ms[39m
[32m[Nest] 16480  - [39m08/19/2026, 1:10:44 AM [32m    LOG[39m [38;5;3m[InstanceLoader] [39m[32mAuthModule dependencies initialized[39m[38;5;3m +1ms[39m
[32m[Nest] 16480  - [39m08/19/2026, 1:10:44 AM [32m    LOG[39m [38;5;3m[InstanceLoader] [39m[32mProjectsModule dependencies initialized[39m[38;5;3m +0ms[39m
[32m[Nest] 16480  - [39m08/19/2026, 1:10:44 AM [32m    LOG[39m [38;5;3m[InstanceLoader] [39m[32mIssuesModule dependencies initialized[39m[38;5;3m +0ms[39m
[32m[Nest] 16480  - [39m08/19/2026, 1:10:44 AM [32m    LOG[39m [38;5;3m[InstanceLoader] [39m[32mCommentsModule dependencies initialized[39m[38;5;3m +1ms[39m
[32m[Nest] 16480  - [39m08/19/2026, 1:10:45 AM [32m    LOG[39m [38;5;3m[WebSocketsController] [39m[32mRealtimeGateway subscribed to the "join:project" message[39m[38;5;3m +78ms[39m
[32m[Nest] 16480  - [39m08/19/2026, 1:10:45 AM [32m    LOG[39m [38;5;3m[WebSocketsController] [39m[32mRealtimeGateway subscribed to the "leave:project" message[39m[38;5;3m +8ms[39m
[32m[Nest] 16480  - [39m08/19/2026, 1:10:45 AM [32m    LOG[39m [38;5;3m[WebSocketsController] [39m[32mRealtimeGateway subscribed to the "join:issue" message[39m[38;5;3m +1ms[39m
[32m[Nest] 16480  - [39m08/19/2026, 1:10:45 AM [32m    LOG[39m [38;5;3m[WebSocketsController] [39m[32mRealtimeGateway subscribed to the "leave:issue" message[39m[38;5;3m +0ms[39m
[32m[Nest] 16480  - [39m08/19/2026, 1:10:45 AM [32m    LOG[39m [38;5;3m[RoutesResolver] [39m[32mUsersController {/users}:[39m[38;5;3m +2ms[39m
[32m[Nest] 16480  - [39m08/19/2026, 1:10:45 AM [32m    LOG[39m [38;5;3m[RouterExplorer] [39m[32mMapped {/users, GET} route[39m[38;5;3m +2ms[39m
[32m[Nest] 16480  - [39m08/19/2026, 1:10:45 AM [32m    LOG[39m [38;5;3m[RouterExplorer] [39m[32mMapped {/users/profile, PATCH} route[39m[38;5;3m +1ms[39m
[32m[Nest] 16480  - [39m08/19/2026, 1:10:45 AM [32m    LOG[39m [38;5;3m[RouterExplorer] [39m[32mMapped {/users/search, GET} route[39m[38;5;3m +0ms[39m
[32m[Nest] 16480  - [39m08/19/2026, 1:10:45 AM [32m    LOG[39m [38;5;3m[RouterExplorer] [39m[32mMapped {/users/:id, GET} route[39m[38;5;3m +1ms[39m
[32m[Nest] 16480  - [39m08/19/2026, 1:10:45 AM [32m    LOG[39m [38;5;3m[RoutesResolver] [39m[32mAuthController {/auth}:[39m[38;5;3m +0ms[39m
[32m[Nest] 16480  - [39m08/19/2026, 1:10:45 AM [32m    LOG[39m [38;5;3m[RouterExplorer] [39m[32mMapped {/auth/signup, POST} route[39m[38;5;3m +1ms[39m
[32m[Nest] 16480  - [39m08/19/2026, 1:10:45 AM [32m    LOG[39m [38;5;3m[RouterExplorer] [39m[32mMapped {/auth/login, POST} route[39m[38;5;3m +1ms[39m
[32m[Nest] 16480  - [39m08/19/2026, 1:10:45 AM [32m    LOG[39m [38;5;3m[RouterExplorer] [39m[32mMapped {/auth/me, GET} route[39m[38;5;3m +0ms[39m
[32m[Nest] 16480  - [39m08/19/2026, 1:10:45 AM [32m    LOG[39m [38;5;3m[RoutesResolver] [39m[32mProjectsController {/projects}:[39m[38;5;3m +0ms[39m
[32m[Nest] 16480  - [39m08/19/2026, 1:10:45 AM [32m    LOG[39m [38;5;3m[RouterExplorer] [39m[32mMapped {/projects, POST} route[39m[38;5;3m +1ms[39m
[32m[Nest] 16480  - [39m08/19/2026, 1:10:45 AM [32m    LOG[39m [38;5;3m[RouterExplorer] [39m[32mMapped {/projects, GET} route[39m[38;5;3m +0ms[39m
[32m[Nest] 16480  - [39m08/19/2026, 1:10:45 AM [32m    LOG[39m [38;5;3m[RouterExplorer] [39m[32mMapped {/projects/:id/stats, GET} route[39m[38;5;3m +1ms[39m
[32m[Nest] 16480  - [39m08/19/2026, 1:10:45 AM [32m    LOG[39m [38;5;3m[RouterExplorer] [39m[32mMapped {/projects/:id, GET} route[39m[38;5;3m +0ms[39m
[32m[Nest] 16480  - [39m08/19/2026, 1:10:45 AM [32m    LOG[39m [38;5;3m[RouterExplorer] [39m[32mMapped {/projects/:id, PATCH} route[39m[38;5;3m +1ms[39m
[32m[Nest] 16480  - [39m08/19/2026, 1:10:45 AM [32m    LOG[39m [38;5;3m[RouterExplorer] [39m[32mMapped {/projects/:id/members, POST} route[39m[38;5;3m +0ms[39m
[32m[Nest] 16480  - [39m08/19/2026, 1:10:45 AM [32m    LOG[39m [38;5;3m[RouterExplorer] [39m[32mMapped {/projects/:id/members/:userId, PATCH} route[39m[38;5;3m +0ms[39m
[32m[Nest] 16480  - [39m08/19/2026, 1:10:45 AM [32m    LOG[39m [38;5;3m[RouterExplorer] [39m[32mMapped {/projects/:id/members/:userId, DELETE} route[39m[38;5;3m +1ms[39m
[32m[Nest] 16480  - [39m08/19/2026, 1:10:45 AM [32m    LOG[39m [38;5;3m[RoutesResolver] [39m[32mNotificationsController {/notifications}:[39m[38;5;3m +0ms[39m
[32m[Nest] 16480  - [39m08/19/2026, 1:10:45 AM [32m    LOG[39m [38;5;3m[RouterExplorer] [39m[32mMapped {/notifications, GET} route[39m[38;5;3m +1ms[39m
[32m[Nest] 16480  - [39m08/19/2026, 1:10:45 AM [32m    LOG[39m [38;5;3m[RouterExplorer] [39m[32mMapped {/notifications/unread-count, GET} route[39m[38;5;3m +0ms[39m
[32m[Nest] 16480  - [39m08/19/2026, 1:10:45 AM [32m    LOG[39m [38;5;3m[RouterExplorer] [39m[32mMapped {/notifications/read-all, PATCH} route[39m[38;5;3m +0ms[39m
[32m[Nest] 16480  - [39m08/19/2026, 1:10:45 AM [32m    LOG[39m [38;5;3m[RouterExplorer] [39m[32mMapped {/notifications/:id/read, PATCH} route[39m[38;5;3m +1ms[39m
[32m[Nest] 16480  - [39m08/19/2026, 1:10:45 AM [32m    LOG[39m [38;5;3m[RoutesResolver] [39m[32mIssuesController {/issues}:[39m[38;5;3m +0ms[39m
[32m[Nest] 16480  - [39m08/19/2026, 1:10:45 AM [32m    LOG[39m [38;5;3m[RouterExplorer] [39m[32mMapped {/issues, POST} route[39m[38;5;3m +0ms[39m
[32m[Nest] 16480  - [39m08/19/2026, 1:10:45 AM [32m    LOG[39m [38;5;3m[RouterExplorer] [39m[32mMapped {/issues, GET} route[39m[38;5;3m +1ms[39m
[32m[Nest] 16480  - [39m08/19/2026, 1:10:45 AM [32m    LOG[39m [38;5;3m[RouterExplorer] [39m[32mMapped {/issues/:id, GET} route[39m[38;5;3m +0ms[39m
[32m[Nest] 16480  - [39m08/19/2026, 1:10:45 AM [32m    LOG[39m [38;5;3m[RouterExplorer] [39m[32mMapped {/issues/:id, PATCH} route[39m[38;5;3m +0ms[39m
[32m[Nest] 16480  - [39m08/19/2026, 1:10:45 AM [32m    LOG[39m [38;5;3m[RouterExplorer] [39m[32mMapped {/issues/:id/status, PATCH} route[39m[38;5;3m +1ms[39m
[32m[Nest] 16480  - [39m08/19/2026, 1:10:45 AM [32m    LOG[39m [38;5;3m[RouterExplorer] [39m[32mMapped {/issues/:id/priority, PATCH} route[39m[38;5;3m +0ms[39m
[32m[Nest] 16480  - [39m08/19/2026, 1:10:45 AM [32m    LOG[39m [38;5;3m[RouterExplorer] [39m[32mMapped {/issues/:id/assignee, PATCH} route[39m[38;5;3m +0ms[39m
[32m[Nest] 16480  - [39m08/19/2026, 1:10:45 AM [32m    LOG[39m [38;5;3m[RoutesResolver] [39m[32mCommentsController {/issues/:issueId/comments}:[39m[38;5;3m +1ms[39m
[32m[Nest] 16480  - [39m08/19/2026, 1:10:45 AM [32m    LOG[39m [38;5;3m[RouterExplorer] [39m[32mMapped {/issues/:issueId/comments, POST} route[39m[38;5;3m +0ms[39m
[32m[Nest] 16480  - [39m08/19/2026, 1:10:45 AM [32m    LOG[39m [38;5;3m[RouterExplorer] [39m[32mMapped {/issues/:issueId/comments, GET} route[39m[38;5;3m +1ms[39m
[32m[Nest] 16480  - [39m08/19/2026, 1:10:45 AM [32m    LOG[39m [38;5;3m[RoutesResolver] [39m[32mActivityController {/issues/:issueId/activity}:[39m[38;5;3m +0ms[39m
[32m[Nest] 16480  - [39m08/19/2026, 1:10:45 AM [32m    LOG[39m [38;5;3m[RouterExplorer] [39m[32mMapped {/issues/:issueId/activity, GET} route[39m[38;5;3m +0ms[39m
[32m[Nest] 16480  - [39m08/19/2026, 1:10:45 AM [32m    LOG[39m [38;5;3m[NestApplication] [39m[32mNest application successfully started[39m[38;5;3m +414ms[39m
Backend API running on http://localhost:3000
[2J[3J[H[[90m1:26:52 AM[0m] File change detected. Starting incremental compilation...

[[90m1:26:53 AM[0m] Found 0 errors. Watching for file changes.

[32m[Nest] 884  - [39m08/19/2026, 1:26:55 AM [32m    LOG[39m [38;5;3m[NestFactory] [39m[32mStarting Nest application...[39m
[32m[Nest] 884  - [39m08/19/2026, 1:26:55 AM [32m    LOG[39m [38;5;3m[InstanceLoader] [39m[32mAppModule dependencies initialized[39m[38;5;3m +31ms[39m
[32m[Nest] 884  - [39m08/19/2026, 1:26:55 AM [32m    LOG[39m [38;5;3m[InstanceLoader] [39m[32mPrismaModule dependencies initialized[39m[38;5;3m +4ms[39m
[32m[Nest] 884  - [39m08/19/2026, 1:26:55 AM [32m    LOG[39m [38;5;3m[InstanceLoader] [39m[32mPassportModule dependencies initialized[39m[38;5;3m +1ms[39m
[32m[Nest] 884  - [39m08/19/2026, 1:26:55 AM [32m    LOG[39m [38;5;3m[InstanceLoader] [39m[32mJwtModule dependencies initialized[39m[38;5;3m +3ms[39m
[32m[Nest] 884  - [39m08/19/2026, 1:26:55 AM [32m    LOG[39m [38;5;3m[InstanceLoader] [39m[32mRealtimeModule dependencies initialized[39m[38;5;3m +2ms[39m
[32m[Nest] 884  - [39m08/19/2026, 1:26:55 AM [32m    LOG[39m [38;5;3m[InstanceLoader] [39m[32mActivityModule dependencies initialized[39m[38;5;3m +1ms[39m
[32m[Nest] 884  - [39m08/19/2026, 1:26:55 AM [32m    LOG[39m [38;5;3m[InstanceLoader] [39m[32mUsersModule dependencies initialized[39m[38;5;3m +1ms[39m
[32m[Nest] 884  - [39m08/19/2026, 1:26:55 AM [32m    LOG[39m [38;5;3m[InstanceLoader] [39m[32mNotificationsModule dependencies initialized[39m[38;5;3m +0ms[39m
[32m[Nest] 884  - [39m08/19/2026, 1:26:55 AM [32m    LOG[39m [38;5;3m[InstanceLoader] [39m[32mAuthModule dependencies initialized[39m[38;5;3m +1ms[39m
[32m[Nest] 884  - [39m08/19/2026, 1:26:55 AM [32m    LOG[39m [38;5;3m[InstanceLoader] [39m[32mProjectsModule dependencies initialized[39m[38;5;3m +0ms[39m
[32m[Nest] 884  - [39m08/19/2026, 1:26:55 AM [32m    LOG[39m [38;5;3m[InstanceLoader] [39m[32mIssuesModule dependencies initialized[39m[38;5;3m +1ms[39m
[32m[Nest] 884  - [39m08/19/2026, 1:26:55 AM [32m    LOG[39m [38;5;3m[InstanceLoader] [39m[32mCommentsModule dependencies initialized[39m[38;5;3m +0ms[39m
[32m[Nest] 884  - [39m08/19/2026, 1:26:55 AM [32m    LOG[39m [38;5;3m[WebSocketsController] [39m[32mRealtimeGateway subscribed to the "join:project" message[39m[38;5;3m +83ms[39m
[32m[Nest] 884  - [39m08/19/2026, 1:26:55 AM [32m    LOG[39m [38;5;3m[WebSocketsController] [39m[32mRealtimeGateway subscribed to the "leave:project" message[39m[38;5;3m +0ms[39m
[32m[Nest] 884  - [39m08/19/2026, 1:26:55 AM [32m    LOG[39m [38;5;3m[WebSocketsController] [39m[32mRealtimeGateway subscribed to the "join:issue" message[39m[38;5;3m +1ms[39m
[32m[Nest] 884  - [39m08/19/2026, 1:26:55 AM [32m    LOG[39m [38;5;3m[WebSocketsController] [39m[32mRealtimeGateway subscribed to the "leave:issue" message[39m[38;5;3m +0ms[39m
[32m[Nest] 884  - [39m08/19/2026, 1:26:55 AM [32m    LOG[39m [38;5;3m[RoutesResolver] [39m[32mUsersController {/users}:[39m[38;5;3m +2ms[39m
[32m[Nest] 884  - [39m08/19/2026, 1:26:55 AM [32m    LOG[39m [38;5;3m[RouterExplorer] [39m[32mMapped {/users, GET} route[39m[38;5;3m +3ms[39m
[32m[Nest] 884  - [39m08/19/2026, 1:26:55 AM [32m    LOG[39m [38;5;3m[RouterExplorer] [39m[32mMapped {/users/profile, PATCH} route[39m[38;5;3m +1ms[39m
[32m[Nest] 884  - [39m08/19/2026, 1:26:55 AM [32m    LOG[39m [38;5;3m[RouterExplorer] [39m[32mMapped {/users/search, GET} route[39m[38;5;3m +1ms[39m
[32m[Nest] 884  - [39m08/19/2026, 1:26:55 AM [32m    LOG[39m [38;5;3m[RouterExplorer] [39m[32mMapped {/users/:id, GET} route[39m[38;5;3m +1ms[39m
[32m[Nest] 884  - [39m08/19/2026, 1:26:55 AM [32m    LOG[39m [38;5;3m[RoutesResolver] [39m[32mAuthController {/auth}:[39m[38;5;3m +0ms[39m
[32m[Nest] 884  - [39m08/19/2026, 1:26:55 AM [32m    LOG[39m [38;5;3m[RouterExplorer] [39m[32mMapped {/auth/signup, POST} route[39m[38;5;3m +1ms[39m
[32m[Nest] 884  - [39m08/19/2026, 1:26:55 AM [32m    LOG[39m [38;5;3m[RouterExplorer] [39m[32mMapped {/auth/login, POST} route[39m[38;5;3m +0ms[39m
[32m[Nest] 884  - [39m08/19/2026, 1:26:55 AM [32m    LOG[39m [38;5;3m[RouterExplorer] [39m[32mMapped {/auth/me, GET} route[39m[38;5;3m +1ms[39m
[32m[Nest] 884  - [39m08/19/2026, 1:26:55 AM [32m    LOG[39m [38;5;3m[RoutesResolver] [39m[32mProjectsController {/projects}:[39m[38;5;3m +0ms[39m
[32m[Nest] 884  - [39m08/19/2026, 1:26:55 AM [32m    LOG[39m [38;5;3m[RouterExplorer] [39m[32mMapped {/projects, POST} route[39m[38;5;3m +1ms[39m
[32m[Nest] 884  - [39m08/19/2026, 1:26:55 AM [32m    LOG[39m [38;5;3m[RouterExplorer] [39m[32mMapped {/projects, GET} route[39m[38;5;3m +0ms[39m
[32m[Nest] 884  - [39m08/19/2026, 1:26:55 AM [32m    LOG[39m [38;5;3m[RouterExplorer] [39m[32mMapped {/projects/:id/stats, GET} route[39m[38;5;3m +0ms[39m
[32m[Nest] 884  - [39m08/19/2026, 1:26:55 AM [32m    LOG[39m [38;5;3m[RouterExplorer] [39m[32mMapped {/projects/:id, GET} route[39m[38;5;3m +1ms[39m
[32m[Nest] 884  - [39m08/19/2026, 1:26:55 AM [32m    LOG[39m [38;5;3m[RouterExplorer] [39m[32mMapped {/projects/:id, PATCH} route[39m[38;5;3m +0ms[39m
[32m[Nest] 884  - [39m08/19/2026, 1:26:55 AM [32m    LOG[39m [38;5;3m[RouterExplorer] [39m[32mMapped {/projects/:id/members, POST} route[39m[38;5;3m +1ms[39m
[32m[Nest] 884  - [39m08/19/2026, 1:26:55 AM [32m    LOG[39m [38;5;3m[RouterExplorer] [39m[32mMapped {/projects/:id/members/:userId, PATCH} route[39m[38;5;3m +0ms[39m
[32m[Nest] 884  - [39m08/19/2026, 1:26:55 AM [32m    LOG[39m [38;5;3m[RouterExplorer] [39m[32mMapped {/projects/:id/members/:userId, DELETE} route[39m[38;5;3m +1ms[39m
[32m[Nest] 884  - [39m08/19/2026, 1:26:55 AM [32m    LOG[39m [38;5;3m[RoutesResolver] [39m[32mNotificationsController {/notifications}:[39m[38;5;3m +0ms[39m
[32m[Nest] 884  - [39m08/19/2026, 1:26:55 AM [32m    LOG[39m [38;5;3m[RouterExplorer] [39m[32mMapped {/notifications, GET} route[39m[38;5;3m +1ms[39m
[32m[Nest] 884  - [39m08/19/2026, 1:26:55 AM [32m    LOG[39m [38;5;3m[RouterExplorer] [39m[32mMapped {/notifications/unread-count, GET} route[39m[38;5;3m +0ms[39m
[32m[Nest] 884  - [39m08/19/2026, 1:26:55 AM [32m    LOG[39m [38;5;3m[RouterExplorer] [39m[32mMapped {/notifications/read-all, PATCH} route[39m[38;5;3m +1ms[39m
[32m[Nest] 884  - [39m08/19/2026, 1:26:55 AM [32m    LOG[39m [38;5;3m[RouterExplorer] [39m[32mMapped {/notifications/:id/read, PATCH} route[39m[38;5;3m +0ms[39m
[32m[Nest] 884  - [39m08/19/2026, 1:26:55 AM [32m    LOG[39m [38;5;3m[RoutesResolver] [39m[32mIssuesController {/issues}:[39m[38;5;3m +0ms[39m
[32m[Nest] 884  - [39m08/19/2026, 1:26:55 AM [32m    LOG[39m [38;5;3m[RouterExplorer] [39m[32mMapped {/issues, POST} route[39m[38;5;3m +1ms[39m
[32m[Nest] 884  - [39m08/19/2026, 1:26:55 AM [32m    LOG[39m [38;5;3m[RouterExplorer] [39m[32mMapped {/issues, GET} route[39m[38;5;3m +0ms[39m
[32m[Nest] 884  - [39m08/19/2026, 1:26:55 AM [32m    LOG[39m [38;5;3m[RouterExplorer] [39m[32mMapped {/issues/:id, GET} route[39m[38;5;3m +0ms[39m
[32m[Nest] 884  - [39m08/19/2026, 1:26:55 AM [32m    LOG[39m [38;5;3m[RouterExplorer] [39m[32mMapped {/issues/:id, PATCH} route[39m[38;5;3m +1ms[39m
[32m[Nest] 884  - [39m08/19/2026, 1:26:55 AM [32m    LOG[39m [38;5;3m[RouterExplorer] [39m[32mMapped {/issues/:id/status, PATCH} route[39m[38;5;3m +0ms[39m
[32m[Nest] 884  - [39m08/19/2026, 1:26:55 AM [32m    LOG[39m [38;5;3m[RouterExplorer] [39m[32mMapped {/issues/:id/priority, PATCH} route[39m[38;5;3m +1ms[39m
[32m[Nest] 884  - [39m08/19/2026, 1:26:55 AM [32m    LOG[39m [38;5;3m[RouterExplorer] [39m[32mMapped {/issues/:id/assignee, PATCH} route[39m[38;5;3m +0ms[39m
[32m[Nest] 884  - [39m08/19/2026, 1:26:55 AM [32m    LOG[39m [38;5;3m[RoutesResolver] [39m[32mCommentsController {/issues/:issueId/comments}:[39m[38;5;3m +1ms[39m
[32m[Nest] 884  - [39m08/19/2026, 1:26:55 AM [32m    LOG[39m [38;5;3m[RouterExplorer] [39m[32mMapped {/issues/:issueId/comments, POST} route[39m[38;5;3m +1ms[39m
[32m[Nest] 884  - [39m08/19/2026, 1:26:55 AM [32m    LOG[39m [38;5;3m[RouterExplorer] [39m[32mMapped {/issues/:issueId/comments, GET} route[39m[38;5;3m +0ms[39m
[32m[Nest] 884  - [39m08/19/2026, 1:26:55 AM [32m    LOG[39m [38;5;3m[RoutesResolver] [39m[32mActivityController {/issues/:issueId/activity}:[39m[38;5;3m +1ms[39m
[32m[Nest] 884  - [39m08/19/2026, 1:26:55 AM [32m    LOG[39m [38;5;3m[RouterExplorer] [39m[32mMapped {/issues/:issueId/activity, GET} route[39m[38;5;3m +0ms[39m
[32m[Nest] 884  - [39m08/19/2026, 1:26:55 AM [32m    LOG[39m [38;5;3m[NestApplication] [39m[32mNest application successfully started[39m[38;5;3m +66ms[39m
Backend API running on http://localhost:3000
[2J[3J[H[[90m1:28:08 AM[0m] File change detected. Starting incremental compilation...

[96msrc/users/users.service.ts[0m:[93m67[0m:[93m17[0m - [91merror[0m[90m TS2353: [0mObject literal may only specify known properties, and 'githubId' does not exist in type 'UserSelect<DefaultArgs>'.

[7m67[0m       select: { githubId: true, githubUsername: true },
[7m  [0m [91m                ~~~~~~~~[0m

  [96mnode_modules/.prisma/client/index.d.ts[0m:[93m2380[0m:[93m5[0m
    [7m2380[0m     select?: UserSelect<ExtArgs> | null
    [7m    [0m [96m    ~~~~~~[0m
    The expected type comes from property 'select' which is declared here on type '{ select?: UserSelect<DefaultArgs>; include?: UserInclude<DefaultArgs>; where: UserWhereUniqueInput; }'

[96msrc/users/users.service.ts[0m:[93m70[0m:[93m38[0m - [91merror[0m[90m TS2339: [0mProperty 'githubId' does not exist on type '{ id: string; email: string; password: string; name: string; avatarUrl: string; jobTitle: string; bio: string; skills: string[]; githubUrl: string; linkedinUrl: string; yearsExperience: number; location: string; createdAt: Date; }'.

[7m70[0m     return { connected: Boolean(user.githubId && user.githubUsername), username: user.githubUsername };
[7m  [0m [91m                                     ~~~~~~~~[0m

[96msrc/users/users.service.ts[0m:[93m70[0m:[93m55[0m - [91merror[0m[90m TS2339: [0mProperty 'githubUsername' does not exist on type '{ id: string; email: string; password: string; name: string; avatarUrl: string; jobTitle: string; bio: string; skills: string[]; githubUrl: string; linkedinUrl: string; yearsExperience: number; location: string; createdAt: Date; }'.

[7m70[0m     return { connected: Boolean(user.githubId && user.githubUsername), username: user.githubUsername };
[7m  [0m [91m                                                      ~~~~~~~~~~~~~~[0m

[96msrc/users/users.service.ts[0m:[93m70[0m:[93m87[0m - [91merror[0m[90m TS2339: [0mProperty 'githubUsername' does not exist on type '{ id: string; email: string; password: string; name: string; avatarUrl: string; jobTitle: string; bio: string; skills: string[]; githubUrl: string; linkedinUrl: string; yearsExperience: number; location: string; createdAt: Date; }'.

[7m70[0m     return { connected: Boolean(user.githubId && user.githubUsername), username: user.githubUsername };
[7m  [0m [91m                                                                                      ~~~~~~~~~~~~~~[0m

[96msrc/users/users.service.ts[0m:[93m76[0m:[93m15[0m - [91merror[0m[90m TS2353: [0mObject literal may only specify known properties, and 'githubId' does not exist in type '(Without<UserUpdateInput, UserUncheckedUpdateInput> & UserUncheckedUpdateInput) | (Without<...> & UserUpdateInput)'.

[7m76[0m       data: { githubId: github.id, githubUsername: github.username, githubAccessToken: github.accessToken },
[7m  [0m [91m              ~~~~~~~~[0m

  [96mnode_modules/.prisma/client/index.d.ts[0m:[93m2607[0m:[93m5[0m
    [7m2607[0m     data: XOR<UserUpdateInput, UserUncheckedUpdateInput>
    [7m    [0m [96m    ~~~~[0m
    The expected type comes from property 'data' which is declared here on type '{ select?: UserSelect<DefaultArgs>; include?: UserInclude<DefaultArgs>; data: (Without<UserUpdateInput, UserUncheckedUpdateInput> & UserUncheckedUpdateInput) | (Without<...> & UserUpdateInput); where: UserWhereUniqueInput; }'

[96msrc/users/users.service.ts[0m:[93m77[0m:[93m17[0m - [91merror[0m[90m TS2353: [0mObject literal may only specify known properties, and 'githubUsername' does not exist in type 'UserSelect<DefaultArgs>'.

[7m77[0m       select: { githubUsername: true },
[7m  [0m [91m                ~~~~~~~~~~~~~~[0m

  [96mnode_modules/.prisma/client/index.d.ts[0m:[93m2599[0m:[93m5[0m
    [7m2599[0m     select?: UserSelect<ExtArgs> | null
    [7m    [0m [96m    ~~~~~~[0m
    The expected type comes from property 'select' which is declared here on type '{ select?: UserSelect<DefaultArgs>; include?: UserInclude<DefaultArgs>; data: (Without<UserUpdateInput, UserUncheckedUpdateInput> & UserUncheckedUpdateInput) | (Without<...> & UserUpdateInput); where: UserWhereUniqueInput; }'

[96msrc/users/users.service.ts[0m:[93m84[0m:[93m15[0m - [91merror[0m[90m TS2353: [0mObject literal may only specify known properties, and 'githubId' does not exist in type '(Without<UserUpdateInput, UserUncheckedUpdateInput> & UserUncheckedUpdateInput) | (Without<...> & UserUpdateInput)'.

[7m84[0m       data: { githubId: null, githubUsername: null, githubAccessToken: null },
[7m  [0m [91m              ~~~~~~~~[0m

  [96mnode_modules/.prisma/client/index.d.ts[0m:[93m2607[0m:[93m5[0m
    [7m2607[0m     data: XOR<UserUpdateInput, UserUncheckedUpdateInput>
    [7m    [0m [96m    ~~~~[0m
    The expected type comes from property 'data' which is declared here on type '{ select?: UserSelect<DefaultArgs>; include?: UserInclude<DefaultArgs>; data: (Without<UserUpdateInput, UserUncheckedUpdateInput> & UserUncheckedUpdateInput) | (Without<...> & UserUpdateInput); where: UserWhereUniqueInput; }'

[[90m1:28:10 AM[0m] Found 7 errors. Watching for file changes.

[2J[3J[H[[90m1:28:39 AM[0m] File change detected. Starting incremental compilation...

[96msrc/auth/auth.service.ts[0m:[93m83[0m:[93m30[0m - [91merror[0m[90m TS2339: [0mProperty 'githubAccessToken' does not exist on type '{ id: string; email: string; password: string; name: string; avatarUrl: string; jobTitle: string; bio: string; skills: string[]; githubUrl: string; linkedinUrl: string; yearsExperience: number; location: string; createdAt: Date; }'.

[7m83[0m     const { password: _omit, githubAccessToken: _githubAccessToken, ...safeUser } = user;
[7m  [0m [91m                             ~~~~~~~~~~~~~~~~~[0m

[96msrc/users/users.service.ts[0m:[93m67[0m:[93m17[0m - [91merror[0m[90m TS2353: [0mObject literal may only specify known properties, and 'githubId' does not exist in type 'UserSelect<DefaultArgs>'.

[7m67[0m       select: { githubId: true, githubUsername: true },
[7m  [0m [91m                ~~~~~~~~[0m

  [96mnode_modules/.prisma/client/index.d.ts[0m:[93m2380[0m:[93m5[0m
    [7m2380[0m     select?: UserSelect<ExtArgs> | null
    [7m    [0m [96m    ~~~~~~[0m
    The expected type comes from property 'select' which is declared here on type '{ select?: UserSelect<DefaultArgs>; include?: UserInclude<DefaultArgs>; where: UserWhereUniqueInput; }'

[96msrc/users/users.service.ts[0m:[93m70[0m:[93m38[0m - [91merror[0m[90m TS2339: [0mProperty 'githubId' does not exist on type '{ id: string; email: string; password: string; name: string; avatarUrl: string; jobTitle: string; bio: string; skills: string[]; githubUrl: string; linkedinUrl: string; yearsExperience: number; location: string; createdAt: Date; }'.

[7m70[0m     return { connected: Boolean(user.githubId && user.githubUsername), username: user.githubUsername };
[7m  [0m [91m                                     ~~~~~~~~[0m

[96msrc/users/users.service.ts[0m:[93m70[0m:[93m55[0m - [91merror[0m[90m TS2339: [0mProperty 'githubUsername' does not exist on type '{ id: string; email: string; password: string; name: string; avatarUrl: string; jobTitle: string; bio: string; skills: string[]; githubUrl: string; linkedinUrl: string; yearsExperience: number; location: string; createdAt: Date; }'.

[7m70[0m     return { connected: Boolean(user.githubId && user.githubUsername), username: user.githubUsername };
[7m  [0m [91m                                                      ~~~~~~~~~~~~~~[0m

[96msrc/users/users.service.ts[0m:[93m70[0m:[93m87[0m - [91merror[0m[90m TS2339: [0mProperty 'githubUsername' does not exist on type '{ id: string; email: string; password: string; name: string; avatarUrl: string; jobTitle: string; bio: string; skills: string[]; githubUrl: string; linkedinUrl: string; yearsExperience: number; location: string; createdAt: Date; }'.

[7m70[0m     return { connected: Boolean(user.githubId && user.githubUsername), username: user.githubUsername };
[7m  [0m [91m                                                                                      ~~~~~~~~~~~~~~[0m

[96msrc/users/users.service.ts[0m:[93m76[0m:[93m15[0m - [91merror[0m[90m TS2353: [0mObject literal may only specify known properties, and 'githubId' does not exist in type '(Without<UserUpdateInput, UserUncheckedUpdateInput> & UserUncheckedUpdateInput) | (Without<...> & UserUpdateInput)'.

[7m76[0m       data: { githubId: github.id, githubUsername: github.username, githubAccessToken: github.accessToken },
[7m  [0m [91m              ~~~~~~~~[0m

  [96mnode_modules/.prisma/client/index.d.ts[0m:[93m2607[0m:[93m5[0m
    [7m2607[0m     data: XOR<UserUpdateInput, UserUncheckedUpdateInput>
    [7m    [0m [96m    ~~~~[0m
    The expected type comes from property 'data' which is declared here on type '{ select?: UserSelect<DefaultArgs>; include?: UserInclude<DefaultArgs>; data: (Without<UserUpdateInput, UserUncheckedUpdateInput> & UserUncheckedUpdateInput) | (Without<...> & UserUpdateInput); where: UserWhereUniqueInput; }'

[96msrc/users/users.service.ts[0m:[93m77[0m:[93m17[0m - [91merror[0m[90m TS2353: [0mObject literal may only specify known properties, and 'githubUsername' does not exist in type 'UserSelect<DefaultArgs>'.

[7m77[0m       select: { githubUsername: true },
[7m  [0m [91m                ~~~~~~~~~~~~~~[0m

  [96mnode_modules/.prisma/client/index.d.ts[0m:[93m2599[0m:[93m5[0m
    [7m2599[0m     select?: UserSelect<ExtArgs> | null
    [7m    [0m [96m    ~~~~~~[0m
    The expected type comes from property 'select' which is declared here on type '{ select?: UserSelect<DefaultArgs>; include?: UserInclude<DefaultArgs>; data: (Without<UserUpdateInput, UserUncheckedUpdateInput> & UserUncheckedUpdateInput) | (Without<...> & UserUpdateInput); where: UserWhereUniqueInput; }'

[96msrc/users/users.service.ts[0m:[93m84[0m:[93m15[0m - [91merror[0m[90m TS2353: [0mObject literal may only specify known properties, and 'githubId' does not exist in type '(Without<UserUpdateInput, UserUncheckedUpdateInput> & UserUncheckedUpdateInput) | (Without<...> & UserUpdateInput)'.

[7m84[0m       data: { githubId: null, githubUsername: null, githubAccessToken: null },
[7m  [0m [91m              ~~~~~~~~[0m

  [96mnode_modules/.prisma/client/index.d.ts[0m:[93m2607[0m:[93m5[0m
    [7m2607[0m     data: XOR<UserUpdateInput, UserUncheckedUpdateInput>
    [7m    [0m [96m    ~~~~[0m
    The expected type comes from property 'data' which is declared here on type '{ select?: UserSelect<DefaultArgs>; include?: UserInclude<DefaultArgs>; data: (Without<UserUpdateInput, UserUncheckedUpdateInput> & UserUncheckedUpdateInput) | (Without<...> & UserUpdateInput); where: UserWhereUniqueInput; }'

[[90m1:28:39 AM[0m] Found 8 errors. Watching for file changes.

[2J[3J[H[[90m1:31:05 AM[0m] File change detected. Starting incremental compilation...

[[90m1:31:08 AM[0m] Found 0 errors. Watching for file changes.

[2J[3J[H[[90m1:31:57 AM[0m] File change detected. Starting incremental compilation...

[[90m1:31:57 AM[0m] Found 0 errors. Watching for file changes.

[2J[3J[H[[90m1:37:33 AM[0m] File change detected. Starting incremental compilation...

[[90m1:37:33 AM[0m] Found 0 errors. Watching for file changes.

[32m[Nest] 15120  - [39m08/19/2026, 1:37:34 AM [32m    LOG[39m [38;5;3m[NestFactory] [39m[32mStarting Nest application...[39m
[2J[3J[H[[90m2:16:14 AM[0m] File change detected. Starting incremental compilation...

[[90m2:16:14 AM[0m] Found 0 errors. Watching for file changes.

[2J[3J[H[[90m2:16:17 AM[0m] File change detected. Starting incremental compilation...

[[90m2:16:18 AM[0m] Found 0 errors. Watching for file changes.

[2J[3J[H[[90m2:26:01 AM[0m] File change detected. Starting incremental compilation...

[91merror[0m[90m TS6059: [0mFile 'D:/c/dev-issue-tracker/Backend/scripts/check-github-token.ts' is not under 'rootDir' 'D:/c/dev-issue-tracker/Backend/src'. 'rootDir' is expected to contain all source files.
  The file is in the program because:
    Matched by default include pattern '**/*'
  File is CommonJS module because 'D:/c/dev-issue-tracker/Backend/package.json' does not have field "type"

[[90m2:26:02 AM[0m] Found 1 error. Watching for file changes.

[2J[3J[H[[90m2:26:58 AM[0m] File change detected. Starting incremental compilation...

[91merror[0m[90m TS5055: [0mCannot write file 'D:/c/dev-issue-tracker/Backend/dist/activity/activity.controller.d.ts' because it would overwrite input file.

[91merror[0m[90m TS5055: [0mCannot write file 'D:/c/dev-issue-tracker/Backend/dist/activity/activity.module.d.ts' because it would overwrite input file.

[91merror[0m[90m TS5055: [0mCannot write file 'D:/c/dev-issue-tracker/Backend/dist/activity/activity.service.d.ts' because it would overwrite input file.

[91merror[0m[90m TS5055: [0mCannot write file 'D:/c/dev-issue-tracker/Backend/dist/app.module.d.ts' because it would overwrite input file.

[91merror[0m[90m TS5055: [0mCannot write file 'D:/c/dev-issue-tracker/Backend/dist/auth/auth.controller.d.ts' because it would overwrite input file.

[91merror[0m[90m TS5055: [0mCannot write file 'D:/c/dev-issue-tracker/Backend/dist/auth/auth.guard.d.ts' because it would overwrite input file.

[91merror[0m[90m TS5055: [0mCannot write file 'D:/c/dev-issue-tracker/Backend/dist/auth/auth.module.d.ts' because it would overwrite input file.

[91merror[0m[90m TS5055: [0mCannot write file 'D:/c/dev-issue-tracker/Backend/dist/auth/auth.service.d.ts' because it would overwrite input file.

[91merror[0m[90m TS5055: [0mCannot write file 'D:/c/dev-issue-tracker/Backend/dist/auth/current-user.decorator.d.ts' because it would overwrite input file.

[91merror[0m[90m TS5055: [0mCannot write file 'D:/c/dev-issue-tracker/Backend/dist/auth/dto/login.dto.d.ts' because it would overwrite input file.

[91merror[0m[90m TS5055: [0mCannot write file 'D:/c/dev-issue-tracker/Backend/dist/auth/dto/signup.dto.d.ts' because it would overwrite input file.

[91merror[0m[90m TS5055: [0mCannot write file 'D:/c/dev-issue-tracker/Backend/dist/auth/github-link.guard.d.ts' because it would overwrite input file.

[91merror[0m[90m TS5055: [0mCannot write file 'D:/c/dev-issue-tracker/Backend/dist/auth/github.strategy.d.ts' because it would overwrite input file.

[91merror[0m[90m TS5055: [0mCannot write file 'D:/c/dev-issue-tracker/Backend/dist/auth/jwt-payload.interface.d.ts' because it would overwrite input file.

[91merror[0m[90m TS5055: [0mCannot write file 'D:/c/dev-issue-tracker/Backend/dist/auth/jwt.strategy.d.ts' because it would overwrite input file.

[91merror[0m[90m TS5055: [0mCannot write file 'D:/c/dev-issue-tracker/Backend/dist/comments/comments.controller.d.ts' because it would overwrite input file.

[91merror[0m[90m TS5055: [0mCannot write file 'D:/c/dev-issue-tracker/Backend/dist/comments/comments.module.d.ts' because it would overwrite input file.

[91merror[0m[90m TS5055: [0mCannot write file 'D:/c/dev-issue-tracker/Backend/dist/comments/comments.service.d.ts' because it would overwrite input file.

[91merror[0m[90m TS5055: [0mCannot write file 'D:/c/dev-issue-tracker/Backend/dist/comments/dto/create-comment.dto.d.ts' because it would overwrite input file.

[91merror[0m[90m TS5055: [0mCannot write file 'D:/c/dev-issue-tracker/Backend/dist/issues/dto/create-issue.dto.d.ts' because it would overwrite input file.

[91merror[0m[90m TS5055: [0mCannot write file 'D:/c/dev-issue-tracker/Backend/dist/issues/dto/filter-issue.dto.d.ts' because it would overwrite input file.

[91merror[0m[90m TS5055: [0mCannot write file 'D:/c/dev-issue-tracker/Backend/dist/issues/dto/update-assignee.dto.d.ts' because it would overwrite input file.

[91merror[0m[90m TS5055: [0mCannot write file 'D:/c/dev-issue-tracker/Backend/dist/issues/dto/update-issue.dto.d.ts' because it would overwrite input file.

[91merror[0m[90m TS5055: [0mCannot write file 'D:/c/dev-issue-tracker/Backend/dist/issues/dto/update-priority.dto.d.ts' because it would overwrite input file.

[91merror[0m[90m TS5055: [0mCannot write file 'D:/c/dev-issue-tracker/Backend/dist/issues/dto/update-status.dto.d.ts' because it would overwrite input file.

[91merror[0m[90m TS5055: [0mCannot write file 'D:/c/dev-issue-tracker/Backend/dist/issues/issues.controller.d.ts' because it would overwrite input file.

[91merror[0m[90m TS5055: [0mCannot write file 'D:/c/dev-issue-tracker/Backend/dist/issues/issues.module.d.ts' because it would overwrite input file.

[91merror[0m[90m TS5055: [0mCannot write file 'D:/c/dev-issue-tracker/Backend/dist/issues/issues.service.d.ts' because it would overwrite input file.

[91merror[0m[90m TS5055: [0mCannot write file 'D:/c/dev-issue-tracker/Backend/dist/main.d.ts' because it would overwrite input file.

[91merror[0m[90m TS5055: [0mCannot write file 'D:/c/dev-issue-tracker/Backend/dist/notifications/notifications.controller.d.ts' because it would overwrite input file.

[91merror[0m[90m TS5055: [0mCannot write file 'D:/c/dev-issue-tracker/Backend/dist/notifications/notifications.module.d.ts' because it would overwrite input file.

[91merror[0m[90m TS5055: [0mCannot write file 'D:/c/dev-issue-tracker/Backend/dist/notifications/notifications.service.d.ts' because it would overwrite input file.

[91merror[0m[90m TS5055: [0mCannot write file 'D:/c/dev-issue-tracker/Backend/dist/prisma/prisma.module.d.ts' because it would overwrite input file.

[91merror[0m[90m TS5055: [0mCannot write file 'D:/c/dev-issue-tracker/Backend/dist/prisma/prisma.service.d.ts' because it would overwrite input file.

[91merror[0m[90m TS5055: [0mCannot write file 'D:/c/dev-issue-tracker/Backend/dist/projects/dto/add-member.dto.d.ts' because it would overwrite input file.

[91merror[0m[90m TS5055: [0mCannot write file 'D:/c/dev-issue-tracker/Backend/dist/projects/dto/create-project.dto.d.ts' because it would overwrite input file.

[91merror[0m[90m TS5055: [0mCannot write file 'D:/c/dev-issue-tracker/Backend/dist/projects/dto/update-member.dto.d.ts' because it would overwrite input file.

[91merror[0m[90m TS5055: [0mCannot write file 'D:/c/dev-issue-tracker/Backend/dist/projects/dto/update-project.dto.d.ts' because it would overwrite input file.

[91merror[0m[90m TS5055: [0mCannot write file 'D:/c/dev-issue-tracker/Backend/dist/projects/projects.controller.d.ts' because it would overwrite input file.

[91merror[0m[90m TS5055: [0mCannot write file 'D:/c/dev-issue-tracker/Backend/dist/projects/projects.module.d.ts' because it would overwrite input file.

[91merror[0m[90m TS5055: [0mCannot write file 'D:/c/dev-issue-tracker/Backend/dist/projects/projects.service.d.ts' because it would overwrite input file.

[91merror[0m[90m TS5055: [0mCannot write file 'D:/c/dev-issue-tracker/Backend/dist/realtime/realtime.gateway.d.ts' because it would overwrite input file.

[91merror[0m[90m TS5055: [0mCannot write file 'D:/c/dev-issue-tracker/Backend/dist/realtime/realtime.module.d.ts' because it would overwrite input file.

[91merror[0m[90m TS5055: [0mCannot write file 'D:/c/dev-issue-tracker/Backend/dist/realtime/realtime.service.d.ts' because it would overwrite input file.

[91merror[0m[90m TS5055: [0mCannot write file 'D:/c/dev-issue-tracker/Backend/dist/users/dto/create-user.dto.d.ts' because it would overwrite input file.

[91merror[0m[90m TS5055: [0mCannot write file 'D:/c/dev-issue-tracker/Backend/dist/users/dto/update-profile.dto.d.ts' because it would overwrite input file.

[91merror[0m[90m TS5055: [0mCannot write file 'D:/c/dev-issue-tracker/Backend/dist/users/users.controller.d.ts' because it would overwrite input file.

[91merror[0m[90m TS5055: [0mCannot write file 'D:/c/dev-issue-tracker/Backend/dist/users/users.module.d.ts' because it would overwrite input file.

[91merror[0m[90m TS5055: [0mCannot write file 'D:/c/dev-issue-tracker/Backend/dist/users/users.service.d.ts' because it would overwrite input file.

[[90m2:26:58 AM[0m] Found 49 errors. Watching for file changes.

[2J[3J[H[[90m2:26:59 AM[0m] File change detected. Starting incremental compilation...

[91merror[0m[90m TS5055: [0mCannot write file 'D:/c/dev-issue-tracker/Backend/dist/activity/activity.controller.d.ts' because it would overwrite input file.

[91merror[0m[90m TS5055: [0mCannot write file 'D:/c/dev-issue-tracker/Backend/dist/activity/activity.module.d.ts' because it would overwrite input file.

[91merror[0m[90m TS5055: [0mCannot write file 'D:/c/dev-issue-tracker/Backend/dist/activity/activity.service.d.ts' because it would overwrite input file.

[91merror[0m[90m TS5055: [0mCannot write file 'D:/c/dev-issue-tracker/Backend/dist/app.module.d.ts' because it would overwrite input file.

[91merror[0m[90m TS5055: [0mCannot write file 'D:/c/dev-issue-tracker/Backend/dist/auth/auth.controller.d.ts' because it would overwrite input file.

[91merror[0m[90m TS5055: [0mCannot write file 'D:/c/dev-issue-tracker/Backend/dist/auth/auth.guard.d.ts' because it would overwrite input file.

[91merror[0m[90m TS5055: [0mCannot write file 'D:/c/dev-issue-tracker/Backend/dist/auth/auth.module.d.ts' because it would overwrite input file.

[91merror[0m[90m TS5055: [0mCannot write file 'D:/c/dev-issue-tracker/Backend/dist/auth/auth.service.d.ts' because it would overwrite input file.

[91merror[0m[90m TS5055: [0mCannot write file 'D:/c/dev-issue-tracker/Backend/dist/auth/current-user.decorator.d.ts' because it would overwrite input file.

[91merror[0m[90m TS5055: [0mCannot write file 'D:/c/dev-issue-tracker/Backend/dist/auth/dto/login.dto.d.ts' because it would overwrite input file.

[91merror[0m[90m TS5055: [0mCannot write file 'D:/c/dev-issue-tracker/Backend/dist/auth/dto/signup.dto.d.ts' because it would overwrite input file.

[91merror[0m[90m TS5055: [0mCannot write file 'D:/c/dev-issue-tracker/Backend/dist/auth/github-link.guard.d.ts' because it would overwrite input file.

[91merror[0m[90m TS5055: [0mCannot write file 'D:/c/dev-issue-tracker/Backend/dist/auth/github.strategy.d.ts' because it would overwrite input file.

[91merror[0m[90m TS5055: [0mCannot write file 'D:/c/dev-issue-tracker/Backend/dist/auth/jwt-payload.interface.d.ts' because it would overwrite input file.

[91merror[0m[90m TS5055: [0mCannot write file 'D:/c/dev-issue-tracker/Backend/dist/auth/jwt.strategy.d.ts' because it would overwrite input file.

[91merror[0m[90m TS5055: [0mCannot write file 'D:/c/dev-issue-tracker/Backend/dist/comments/comments.controller.d.ts' because it would overwrite input file.

[91merror[0m[90m TS5055: [0mCannot write file 'D:/c/dev-issue-tracker/Backend/dist/comments/comments.module.d.ts' because it would overwrite input file.

[91merror[0m[90m TS5055: [0mCannot write file 'D:/c/dev-issue-tracker/Backend/dist/comments/comments.service.d.ts' because it would overwrite input file.

[91merror[0m[90m TS5055: [0mCannot write file 'D:/c/dev-issue-tracker/Backend/dist/comments/dto/create-comment.dto.d.ts' because it would overwrite input file.

[91merror[0m[90m TS5055: [0mCannot write file 'D:/c/dev-issue-tracker/Backend/dist/issues/dto/create-issue.dto.d.ts' because it would overwrite input file.

[91merror[0m[90m TS5055: [0mCannot write file 'D:/c/dev-issue-tracker/Backend/dist/issues/dto/filter-issue.dto.d.ts' because it would overwrite input file.

[91merror[0m[90m TS5055: [0mCannot write file 'D:/c/dev-issue-tracker/Backend/dist/issues/dto/update-assignee.dto.d.ts' because it would overwrite input file.

[91merror[0m[90m TS5055: [0mCannot write file 'D:/c/dev-issue-tracker/Backend/dist/issues/dto/update-issue.dto.d.ts' because it would overwrite input file.

[91merror[0m[90m TS5055: [0mCannot write file 'D:/c/dev-issue-tracker/Backend/dist/issues/dto/update-priority.dto.d.ts' because it would overwrite input file.

[91merror[0m[90m TS5055: [0mCannot write file 'D:/c/dev-issue-tracker/Backend/dist/issues/dto/update-status.dto.d.ts' because it would overwrite input file.

[91merror[0m[90m TS5055: [0mCannot write file 'D:/c/dev-issue-tracker/Backend/dist/issues/issues.controller.d.ts' because it would overwrite input file.

[91merror[0m[90m TS5055: [0mCannot write file 'D:/c/dev-issue-tracker/Backend/dist/issues/issues.module.d.ts' because it would overwrite input file.

[91merror[0m[90m TS5055: [0mCannot write file 'D:/c/dev-issue-tracker/Backend/dist/issues/issues.service.d.ts' because it would overwrite input file.

[91merror[0m[90m TS5055: [0mCannot write file 'D:/c/dev-issue-tracker/Backend/dist/main.d.ts' because it would overwrite input file.

[91merror[0m[90m TS5055: [0mCannot write file 'D:/c/dev-issue-tracker/Backend/dist/notifications/notifications.controller.d.ts' because it would overwrite input file.

[91merror[0m[90m TS5055: [0mCannot write file 'D:/c/dev-issue-tracker/Backend/dist/notifications/notifications.module.d.ts' because it would overwrite input file.

[91merror[0m[90m TS5055: [0mCannot write file 'D:/c/dev-issue-tracker/Backend/dist/notifications/notifications.service.d.ts' because it would overwrite input file.

[91merror[0m[90m TS5055: [0mCannot write file 'D:/c/dev-issue-tracker/Backend/dist/prisma/prisma.module.d.ts' because it would overwrite input file.

[91merror[0m[90m TS5055: [0mCannot write file 'D:/c/dev-issue-tracker/Backend/dist/prisma/prisma.service.d.ts' because it would overwrite input file.

[91merror[0m[90m TS5055: [0mCannot write file 'D:/c/dev-issue-tracker/Backend/dist/projects/dto/add-member.dto.d.ts' because it would overwrite input file.

[91merror[0m[90m TS5055: [0mCannot write file 'D:/c/dev-issue-tracker/Backend/dist/projects/dto/create-project.dto.d.ts' because it would overwrite input file.

[91merror[0m[90m TS5055: [0mCannot write file 'D:/c/dev-issue-tracker/Backend/dist/projects/dto/update-member.dto.d.ts' because it would overwrite input file.

[91merror[0m[90m TS5055: [0mCannot write file 'D:/c/dev-issue-tracker/Backend/dist/projects/dto/update-project.dto.d.ts' because it would overwrite input file.

[91merror[0m[90m TS5055: [0mCannot write file 'D:/c/dev-issue-tracker/Backend/dist/projects/projects.controller.d.ts' because it would overwrite input file.

[91merror[0m[90m TS5055: [0mCannot write file 'D:/c/dev-issue-tracker/Backend/dist/projects/projects.module.d.ts' because it would overwrite input file.

[91merror[0m[90m TS5055: [0mCannot write file 'D:/c/dev-issue-tracker/Backend/dist/projects/projects.service.d.ts' because it would overwrite input file.

[91merror[0m[90m TS5055: [0mCannot write file 'D:/c/dev-issue-tracker/Backend/dist/realtime/realtime.gateway.d.ts' because it would overwrite input file.

[91merror[0m[90m TS5055: [0mCannot write file 'D:/c/dev-issue-tracker/Backend/dist/realtime/realtime.module.d.ts' because it would overwrite input file.

[91merror[0m[90m TS5055: [0mCannot write file 'D:/c/dev-issue-tracker/Backend/dist/realtime/realtime.service.d.ts' because it would overwrite input file.

[91merror[0m[90m TS5055: [0mCannot write file 'D:/c/dev-issue-tracker/Backend/dist/users/dto/create-user.dto.d.ts' because it would overwrite input file.

[91merror[0m[90m TS5055: [0mCannot write file 'D:/c/dev-issue-tracker/Backend/dist/users/dto/update-profile.dto.d.ts' because it would overwrite input file.

[91merror[0m[90m TS5055: [0mCannot write file 'D:/c/dev-issue-tracker/Backend/dist/users/users.controller.d.ts' because it would overwrite input file.

[91merror[0m[90m TS5055: [0mCannot write file 'D:/c/dev-issue-tracker/Backend/dist/users/users.module.d.ts' because it would overwrite input file.

[91merror[0m[90m TS5055: [0mCannot write file 'D:/c/dev-issue-tracker/Backend/dist/users/users.service.d.ts' because it would overwrite input file.

[[90m2:26:59 AM[0m] Found 49 errors. Watching for file changes.

[2J[3J[H[[90m2:27:35 AM[0m] File change detected. Starting incremental compilation...

[91merror[0m[90m TS5055: [0mCannot write file 'D:/c/dev-issue-tracker/Backend/dist/activity/activity.controller.d.ts' because it would overwrite input file.

[91merror[0m[90m TS5055: [0mCannot write file 'D:/c/dev-issue-tracker/Backend/dist/activity/activity.module.d.ts' because it would overwrite input file.

[91merror[0m[90m TS5055: [0mCannot write file 'D:/c/dev-issue-tracker/Backend/dist/activity/activity.service.d.ts' because it would overwrite input file.

[91merror[0m[90m TS5055: [0mCannot write file 'D:/c/dev-issue-tracker/Backend/dist/app.module.d.ts' because it would overwrite input file.

[91merror[0m[90m TS5055: [0mCannot write file 'D:/c/dev-issue-tracker/Backend/dist/auth/auth.controller.d.ts' because it would overwrite input file.

[91merror[0m[90m TS5055: [0mCannot write file 'D:/c/dev-issue-tracker/Backend/dist/auth/auth.guard.d.ts' because it would overwrite input file.

[91merror[0m[90m TS5055: [0mCannot write file 'D:/c/dev-issue-tracker/Backend/dist/auth/auth.module.d.ts' because it would overwrite input file.

[91merror[0m[90m TS5055: [0mCannot write file 'D:/c/dev-issue-tracker/Backend/dist/auth/auth.service.d.ts' because it would overwrite input file.

[91merror[0m[90m TS5055: [0mCannot write file 'D:/c/dev-issue-tracker/Backend/dist/auth/current-user.decorator.d.ts' because it would overwrite input file.

[91merror[0m[90m TS5055: [0mCannot write file 'D:/c/dev-issue-tracker/Backend/dist/auth/dto/login.dto.d.ts' because it would overwrite input file.

[91merror[0m[90m TS5055: [0mCannot write file 'D:/c/dev-issue-tracker/Backend/dist/auth/dto/signup.dto.d.ts' because it would overwrite input file.

[91merror[0m[90m TS5055: [0mCannot write file 'D:/c/dev-issue-tracker/Backend/dist/auth/github-link.guard.d.ts' because it would overwrite input file.

[91merror[0m[90m TS5055: [0mCannot write file 'D:/c/dev-issue-tracker/Backend/dist/auth/github.strategy.d.ts' because it would overwrite input file.

[91merror[0m[90m TS5055: [0mCannot write file 'D:/c/dev-issue-tracker/Backend/dist/auth/jwt-payload.interface.d.ts' because it would overwrite input file.

[91merror[0m[90m TS5055: [0mCannot write file 'D:/c/dev-issue-tracker/Backend/dist/auth/jwt.strategy.d.ts' because it would overwrite input file.

[91merror[0m[90m TS5055: [0mCannot write file 'D:/c/dev-issue-tracker/Backend/dist/comments/comments.controller.d.ts' because it would overwrite input file.

[91merror[0m[90m TS5055: [0mCannot write file 'D:/c/dev-issue-tracker/Backend/dist/comments/comments.module.d.ts' because it would overwrite input file.

[91merror[0m[90m TS5055: [0mCannot write file 'D:/c/dev-issue-tracker/Backend/dist/comments/comments.service.d.ts' because it would overwrite input file.

[91merror[0m[90m TS5055: [0mCannot write file 'D:/c/dev-issue-tracker/Backend/dist/comments/dto/create-comment.dto.d.ts' because it would overwrite input file.

[91merror[0m[90m TS5055: [0mCannot write file 'D:/c/dev-issue-tracker/Backend/dist/issues/dto/create-issue.dto.d.ts' because it would overwrite input file.

[91merror[0m[90m TS5055: [0mCannot write file 'D:/c/dev-issue-tracker/Backend/dist/issues/dto/filter-issue.dto.d.ts' because it would overwrite input file.

[91merror[0m[90m TS5055: [0mCannot write file 'D:/c/dev-issue-tracker/Backend/dist/issues/dto/update-assignee.dto.d.ts' because it would overwrite input file.

[91merror[0m[90m TS5055: [0mCannot write file 'D:/c/dev-issue-tracker/Backend/dist/issues/dto/update-issue.dto.d.ts' because it would overwrite input file.

[91merror[0m[90m TS5055: [0mCannot write file 'D:/c/dev-issue-tracker/Backend/dist/issues/dto/update-priority.dto.d.ts' because it would overwrite input file.

[91merror[0m[90m TS5055: [0mCannot write file 'D:/c/dev-issue-tracker/Backend/dist/issues/dto/update-status.dto.d.ts' because it would overwrite input file.

[91merror[0m[90m TS5055: [0mCannot write file 'D:/c/dev-issue-tracker/Backend/dist/issues/issues.controller.d.ts' because it would overwrite input file.

[91merror[0m[90m TS5055: [0mCannot write file 'D:/c/dev-issue-tracker/Backend/dist/issues/issues.module.d.ts' because it would overwrite input file.

[91merror[0m[90m TS5055: [0mCannot write file 'D:/c/dev-issue-tracker/Backend/dist/issues/issues.service.d.ts' because it would overwrite input file.

[91merror[0m[90m TS5055: [0mCannot write file 'D:/c/dev-issue-tracker/Backend/dist/main.d.ts' because it would overwrite input file.

[91merror[0m[90m TS5055: [0mCannot write file 'D:/c/dev-issue-tracker/Backend/dist/notifications/notifications.controller.d.ts' because it would overwrite input file.

[91merror[0m[90m TS5055: [0mCannot write file 'D:/c/dev-issue-tracker/Backend/dist/notifications/notifications.module.d.ts' because it would overwrite input file.

[91merror[0m[90m TS5055: [0mCannot write file 'D:/c/dev-issue-tracker/Backend/dist/notifications/notifications.service.d.ts' because it would overwrite input file.

[91merror[0m[90m TS5055: [0mCannot write file 'D:/c/dev-issue-tracker/Backend/dist/prisma/prisma.module.d.ts' because it would overwrite input file.

[91merror[0m[90m TS5055: [0mCannot write file 'D:/c/dev-issue-tracker/Backend/dist/prisma/prisma.service.d.ts' because it would overwrite input file.

[91merror[0m[90m TS5055: [0mCannot write file 'D:/c/dev-issue-tracker/Backend/dist/projects/dto/add-member.dto.d.ts' because it would overwrite input file.

[91merror[0m[90m TS5055: [0mCannot write file 'D:/c/dev-issue-tracker/Backend/dist/projects/dto/create-project.dto.d.ts' because it would overwrite input file.

[91merror[0m[90m TS5055: [0mCannot write file 'D:/c/dev-issue-tracker/Backend/dist/projects/dto/update-member.dto.d.ts' because it would overwrite input file.

[91merror[0m[90m TS5055: [0mCannot write file 'D:/c/dev-issue-tracker/Backend/dist/projects/dto/update-project.dto.d.ts' because it would overwrite input file.

[91merror[0m[90m TS5055: [0mCannot write file 'D:/c/dev-issue-tracker/Backend/dist/projects/projects.controller.d.ts' because it would overwrite input file.

[91merror[0m[90m TS5055: [0mCannot write file 'D:/c/dev-issue-tracker/Backend/dist/projects/projects.module.d.ts' because it would overwrite input file.

[91merror[0m[90m TS5055: [0mCannot write file 'D:/c/dev-issue-tracker/Backend/dist/projects/projects.service.d.ts' because it would overwrite input file.

[91merror[0m[90m TS5055: [0mCannot write file 'D:/c/dev-issue-tracker/Backend/dist/realtime/realtime.gateway.d.ts' because it would overwrite input file.

[91merror[0m[90m TS5055: [0mCannot write file 'D:/c/dev-issue-tracker/Backend/dist/realtime/realtime.module.d.ts' because it would overwrite input file.

[91merror[0m[90m TS5055: [0mCannot write file 'D:/c/dev-issue-tracker/Backend/dist/realtime/realtime.service.d.ts' because it would overwrite input file.

[91merror[0m[90m TS5055: [0mCannot write file 'D:/c/dev-issue-tracker/Backend/dist/users/dto/create-user.dto.d.ts' because it would overwrite input file.

[91merror[0m[90m TS5055: [0mCannot write file 'D:/c/dev-issue-tracker/Backend/dist/users/dto/update-profile.dto.d.ts' because it would overwrite input file.

[91merror[0m[90m TS5055: [0mCannot write file 'D:/c/dev-issue-tracker/Backend/dist/users/users.controller.d.ts' because it would overwrite input file.

[91merror[0m[90m TS5055: [0mCannot write file 'D:/c/dev-issue-tracker/Backend/dist/users/users.module.d.ts' because it would overwrite input file.

[91merror[0m[90m TS5055: [0mCannot write file 'D:/c/dev-issue-tracker/Backend/dist/users/users.service.d.ts' because it would overwrite input file.

[[90m2:27:36 AM[0m] Found 49 errors. Watching for file changes.

[2J[3J[H[[90m2:27:36 AM[0m] File change detected. Starting incremental compilation...

[[90m2:27:37 AM[0m] Found 0 errors. Watching for file changes.

[2J[3J[H[[90m2:27:38 AM[0m] File change detected. Starting incremental compilation...

[[90m2:27:38 AM[0m] Found 0 errors. Watching for file changes.

[2J[3J[H[[90m2:27:40 AM[0m] File change detected. Starting incremental compilation...

[91merror[0m[90m TS5055: [0mCannot write file 'D:/c/dev-issue-tracker/Backend/dist/auth/auth.guard.d.ts' because it would overwrite input file.

[91merror[0m[90m TS5055: [0mCannot write file 'D:/c/dev-issue-tracker/Backend/dist/auth/current-user.decorator.d.ts' because it would overwrite input file.

[91merror[0m[90m TS5055: [0mCannot write file 'D:/c/dev-issue-tracker/Backend/dist/notifications/notifications.service.d.ts' because it would overwrite input file.

[91merror[0m[90m TS5055: [0mCannot write file 'D:/c/dev-issue-tracker/Backend/dist/prisma/prisma.module.d.ts' because it would overwrite input file.

[91merror[0m[90m TS5055: [0mCannot write file 'D:/c/dev-issue-tracker/Backend/dist/prisma/prisma.service.d.ts' because it would overwrite input file.

[91merror[0m[90m TS5055: [0mCannot write file 'D:/c/dev-issue-tracker/Backend/dist/projects/dto/add-member.dto.d.ts' because it would overwrite input file.

[91merror[0m[90m TS5055: [0mCannot write file 'D:/c/dev-issue-tracker/Backend/dist/projects/dto/create-project.dto.d.ts' because it would overwrite input file.

[91merror[0m[90m TS5055: [0mCannot write file 'D:/c/dev-issue-tracker/Backend/dist/projects/dto/update-member.dto.d.ts' because it would overwrite input file.

[91merror[0m[90m TS5055: [0mCannot write file 'D:/c/dev-issue-tracker/Backend/dist/projects/dto/update-project.dto.d.ts' because it would overwrite input file.

[91merror[0m[90m TS5055: [0mCannot write file 'D:/c/dev-issue-tracker/Backend/dist/realtime/realtime.service.d.ts' because it would overwrite input file.

[91merror[0m[90m TS5055: [0mCannot write file 'D:/c/dev-issue-tracker/Backend/dist/users/dto/create-user.dto.d.ts' because it would overwrite input file.

[91merror[0m[90m TS5055: [0mCannot write file 'D:/c/dev-issue-tracker/Backend/dist/users/dto/update-profile.dto.d.ts' because it would overwrite input file.

[91merror[0m[90m TS5055: [0mCannot write file 'D:/c/dev-issue-tracker/Backend/dist/users/users.controller.d.ts' because it would overwrite input file.

[91merror[0m[90m TS5055: [0mCannot write file 'D:/c/dev-issue-tracker/Backend/dist/users/users.module.d.ts' because it would overwrite input file.

[91merror[0m[90m TS5055: [0mCannot write file 'D:/c/dev-issue-tracker/Backend/dist/users/users.service.d.ts' because it would overwrite input file.

[[90m2:27:40 AM[0m] Found 15 errors. Watching for file changes.

[2J[3J[H[[90m2:27:42 AM[0m] File change detected. Starting incremental compilation...

[91merror[0m[90m TS5055: [0mCannot write file 'D:/c/dev-issue-tracker/Backend/dist/activity/activity.controller.d.ts' because it would overwrite input file.

[91merror[0m[90m TS5055: [0mCannot write file 'D:/c/dev-issue-tracker/Backend/dist/activity/activity.module.d.ts' because it would overwrite input file.

[91merror[0m[90m TS5055: [0mCannot write file 'D:/c/dev-issue-tracker/Backend/dist/activity/activity.service.d.ts' because it would overwrite input file.

[91merror[0m[90m TS5055: [0mCannot write file 'D:/c/dev-issue-tracker/Backend/dist/app.module.d.ts' because it would overwrite input file.

[91merror[0m[90m TS5055: [0mCannot write file 'D:/c/dev-issue-tracker/Backend/dist/auth/auth.controller.d.ts' because it would overwrite input file.

[91merror[0m[90m TS5055: [0mCannot write file 'D:/c/dev-issue-tracker/Backend/dist/auth/auth.guard.d.ts' because it would overwrite input file.

[91merror[0m[90m TS5055: [0mCannot write file 'D:/c/dev-issue-tracker/Backend/dist/auth/auth.module.d.ts' because it would overwrite input file.

[91merror[0m[90m TS5055: [0mCannot write file 'D:/c/dev-issue-tracker/Backend/dist/auth/auth.service.d.ts' because it would overwrite input file.

[91merror[0m[90m TS5055: [0mCannot write file 'D:/c/dev-issue-tracker/Backend/dist/auth/current-user.decorator.d.ts' because it would overwrite input file.

[91merror[0m[90m TS5055: [0mCannot write file 'D:/c/dev-issue-tracker/Backend/dist/auth/dto/login.dto.d.ts' because it would overwrite input file.

[91merror[0m[90m TS5055: [0mCannot write file 'D:/c/dev-issue-tracker/Backend/dist/auth/dto/signup.dto.d.ts' because it would overwrite input file.

[91merror[0m[90m TS5055: [0mCannot write file 'D:/c/dev-issue-tracker/Backend/dist/auth/github-link.guard.d.ts' because it would overwrite input file.

[91merror[0m[90m TS5055: [0mCannot write file 'D:/c/dev-issue-tracker/Backend/dist/auth/github.strategy.d.ts' because it would overwrite input file.

[91merror[0m[90m TS5055: [0mCannot write file 'D:/c/dev-issue-tracker/Backend/dist/auth/jwt-payload.interface.d.ts' because it would overwrite input file.

[91merror[0m[90m TS5055: [0mCannot write file 'D:/c/dev-issue-tracker/Backend/dist/auth/jwt.strategy.d.ts' because it would overwrite input file.

[91merror[0m[90m TS5055: [0mCannot write file 'D:/c/dev-issue-tracker/Backend/dist/comments/comments.controller.d.ts' because it would overwrite input file.

[91merror[0m[90m TS5055: [0mCannot write file 'D:/c/dev-issue-tracker/Backend/dist/comments/comments.module.d.ts' because it would overwrite input file.

[91merror[0m[90m TS5055: [0mCannot write file 'D:/c/dev-issue-tracker/Backend/dist/comments/comments.service.d.ts' because it would overwrite input file.

[91merror[0m[90m TS5055: [0mCannot write file 'D:/c/dev-issue-tracker/Backend/dist/comments/dto/create-comment.dto.d.ts' because it would overwrite input file.

[91merror[0m[90m TS5055: [0mCannot write file 'D:/c/dev-issue-tracker/Backend/dist/issues/dto/create-issue.dto.d.ts' because it would overwrite input file.

[91merror[0m[90m TS5055: [0mCannot write file 'D:/c/dev-issue-tracker/Backend/dist/issues/dto/filter-issue.dto.d.ts' because it would overwrite input file.

[91merror[0m[90m TS5055: [0mCannot write file 'D:/c/dev-issue-tracker/Backend/dist/issues/dto/update-assignee.dto.d.ts' because it would overwrite input file.

[91merror[0m[90m TS5055: [0mCannot write file 'D:/c/dev-issue-tracker/Backend/dist/issues/dto/update-issue.dto.d.ts' because it would overwrite input file.

[91merror[0m[90m TS5055: [0mCannot write file 'D:/c/dev-issue-tracker/Backend/dist/issues/dto/update-priority.dto.d.ts' because it would overwrite input file.

[91merror[0m[90m TS5055: [0mCannot write file 'D:/c/dev-issue-tracker/Backend/dist/issues/dto/update-status.dto.d.ts' because it would overwrite input file.

[91merror[0m[90m TS5055: [0mCannot write file 'D:/c/dev-issue-tracker/Backend/dist/issues/issues.controller.d.ts' because it would overwrite input file.

[91merror[0m[90m TS5055: [0mCannot write file 'D:/c/dev-issue-tracker/Backend/dist/issues/issues.module.d.ts' because it would overwrite input file.

[91merror[0m[90m TS5055: [0mCannot write file 'D:/c/dev-issue-tracker/Backend/dist/issues/issues.service.d.ts' because it would overwrite input file.

[91merror[0m[90m TS5055: [0mCannot write file 'D:/c/dev-issue-tracker/Backend/dist/main.d.ts' because it would overwrite input file.

[91merror[0m[90m TS5055: [0mCannot write file 'D:/c/dev-issue-tracker/Backend/dist/notifications/notifications.controller.d.ts' because it would overwrite input file.

[91merror[0m[90m TS5055: [0mCannot write file 'D:/c/dev-issue-tracker/Backend/dist/notifications/notifications.module.d.ts' because it would overwrite input file.

[91merror[0m[90m TS5055: [0mCannot write file 'D:/c/dev-issue-tracker/Backend/dist/notifications/notifications.service.d.ts' because it would overwrite input file.

[91merror[0m[90m TS5055: [0mCannot write file 'D:/c/dev-issue-tracker/Backend/dist/prisma/prisma.module.d.ts' because it would overwrite input file.

[91merror[0m[90m TS5055: [0mCannot write file 'D:/c/dev-issue-tracker/Backend/dist/prisma/prisma.service.d.ts' because it would overwrite input file.

[91merror[0m[90m TS5055: [0mCannot write file 'D:/c/dev-issue-tracker/Backend/dist/projects/dto/add-member.dto.d.ts' because it would overwrite input file.

[91merror[0m[90m TS5055: [0mCannot write file 'D:/c/dev-issue-tracker/Backend/dist/projects/dto/create-project.dto.d.ts' because it would overwrite input file.

[91merror[0m[90m TS5055: [0mCannot write file 'D:/c/dev-issue-tracker/Backend/dist/projects/dto/update-member.dto.d.ts' because it would overwrite input file.

[91merror[0m[90m TS5055: [0mCannot write file 'D:/c/dev-issue-tracker/Backend/dist/projects/dto/update-project.dto.d.ts' because it would overwrite input file.

[91merror[0m[90m TS5055: [0mCannot write file 'D:/c/dev-issue-tracker/Backend/dist/projects/projects.controller.d.ts' because it would overwrite input file.

[91merror[0m[90m TS5055: [0mCannot write file 'D:/c/dev-issue-tracker/Backend/dist/projects/projects.module.d.ts' because it would overwrite input file.

[91merror[0m[90m TS5055: [0mCannot write file 'D:/c/dev-issue-tracker/Backend/dist/projects/projects.service.d.ts' because it would overwrite input file.

[91merror[0m[90m TS5055: [0mCannot write file 'D:/c/dev-issue-tracker/Backend/dist/realtime/realtime.gateway.d.ts' because it would overwrite input file.

[91merror[0m[90m TS5055: [0mCannot write file 'D:/c/dev-issue-tracker/Backend/dist/realtime/realtime.module.d.ts' because it would overwrite input file.

[91merror[0m[90m TS5055: [0mCannot write file 'D:/c/dev-issue-tracker/Backend/dist/realtime/realtime.service.d.ts' because it would overwrite input file.

[91merror[0m[90m TS5055: [0mCannot write file 'D:/c/dev-issue-tracker/Backend/dist/users/dto/create-user.dto.d.ts' because it would overwrite input file.

[91merror[0m[90m TS5055: [0mCannot write file 'D:/c/dev-issue-tracker/Backend/dist/users/dto/update-profile.dto.d.ts' because it would overwrite input file.

[91merror[0m[90m TS5055: [0mCannot write file 'D:/c/dev-issue-tracker/Backend/dist/users/users.controller.d.ts' because it would overwrite input file.

[91merror[0m[90m TS5055: [0mCannot write file 'D:/c/dev-issue-tracker/Backend/dist/users/users.module.d.ts' because it would overwrite input file.

[91merror[0m[90m TS5055: [0mCannot write file 'D:/c/dev-issue-tracker/Backend/dist/users/users.service.d.ts' because it would overwrite input file.

[[90m2:27:42 AM[0m] Found 49 errors. Watching for file changes.

[2J[3J[H[[90m2:28:11 AM[0m] File change detected. Starting incremental compilation...

[[90m2:28:11 AM[0m] Found 0 errors. Watching for file changes.

[2J[3J[H[[90m2:28:15 AM[0m] File change detected. Starting incremental compilation...

[91merror[0m[90m TS5055: [0mCannot write file 'D:/c/dev-issue-tracker/Backend/dist/auth/auth.guard.d.ts' because it would overwrite input file.

[91merror[0m[90m TS5055: [0mCannot write file 'D:/c/dev-issue-tracker/Backend/dist/auth/current-user.decorator.d.ts' because it would overwrite input file.

[91merror[0m[90m TS5055: [0mCannot write file 'D:/c/dev-issue-tracker/Backend/dist/notifications/notifications.service.d.ts' because it would overwrite input file.

[91merror[0m[90m TS5055: [0mCannot write file 'D:/c/dev-issue-tracker/Backend/dist/prisma/prisma.module.d.ts' because it would overwrite input file.

[91merror[0m[90m TS5055: [0mCannot write file 'D:/c/dev-issue-tracker/Backend/dist/prisma/prisma.service.d.ts' because it would overwrite input file.

[91merror[0m[90m TS5055: [0mCannot write file 'D:/c/dev-issue-tracker/Backend/dist/projects/dto/add-member.dto.d.ts' because it would overwrite input file.

[91merror[0m[90m TS5055: [0mCannot write file 'D:/c/dev-issue-tracker/Backend/dist/projects/dto/create-project.dto.d.ts' because it would overwrite input file.

[91merror[0m[90m TS5055: [0mCannot write file 'D:/c/dev-issue-tracker/Backend/dist/projects/dto/update-member.dto.d.ts' because it would overwrite input file.

[91merror[0m[90m TS5055: [0mCannot write file 'D:/c/dev-issue-tracker/Backend/dist/projects/dto/update-project.dto.d.ts' because it would overwrite input file.

[91merror[0m[90m TS5055: [0mCannot write file 'D:/c/dev-issue-tracker/Backend/dist/realtime/realtime.service.d.ts' because it would overwrite input file.

[91merror[0m[90m TS5055: [0mCannot write file 'D:/c/dev-issue-tracker/Backend/dist/users/dto/create-user.dto.d.ts' because it would overwrite input file.

[91merror[0m[90m TS5055: [0mCannot write file 'D:/c/dev-issue-tracker/Backend/dist/users/dto/update-profile.dto.d.ts' because it would overwrite input file.

[91merror[0m[90m TS5055: [0mCannot write file 'D:/c/dev-issue-tracker/Backend/dist/users/users.controller.d.ts' because it would overwrite input file.

[91merror[0m[90m TS5055: [0mCannot write file 'D:/c/dev-issue-tracker/Backend/dist/users/users.module.d.ts' because it would overwrite input file.

[91merror[0m[90m TS5055: [0mCannot write file 'D:/c/dev-issue-tracker/Backend/dist/users/users.service.d.ts' because it would overwrite input file.

[[90m2:28:15 AM[0m] Found 15 errors. Watching for file changes.

[2J[3J[H[[90m2:28:16 AM[0m] File change detected. Starting incremental compilation...

[91merror[0m[90m TS5055: [0mCannot write file 'D:/c/dev-issue-tracker/Backend/dist/auth/auth.controller.d.ts' because it would overwrite input file.

[91merror[0m[90m TS5055: [0mCannot write file 'D:/c/dev-issue-tracker/Backend/dist/auth/auth.guard.d.ts' because it would overwrite input file.

[91merror[0m[90m TS5055: [0mCannot write file 'D:/c/dev-issue-tracker/Backend/dist/auth/auth.module.d.ts' because it would overwrite input file.

[91merror[0m[90m TS5055: [0mCannot write file 'D:/c/dev-issue-tracker/Backend/dist/auth/auth.service.d.ts' because it would overwrite input file.

[91merror[0m[90m TS5055: [0mCannot write file 'D:/c/dev-issue-tracker/Backend/dist/auth/current-user.decorator.d.ts' because it would overwrite input file.

[91merror[0m[90m TS5055: [0mCannot write file 'D:/c/dev-issue-tracker/Backend/dist/auth/dto/login.dto.d.ts' because it would overwrite input file.

[91merror[0m[90m TS5055: [0mCannot write file 'D:/c/dev-issue-tracker/Backend/dist/auth/dto/signup.dto.d.ts' because it would overwrite input file.

[91merror[0m[90m TS5055: [0mCannot write file 'D:/c/dev-issue-tracker/Backend/dist/auth/github-link.guard.d.ts' because it would overwrite input file.

[91merror[0m[90m TS5055: [0mCannot write file 'D:/c/dev-issue-tracker/Backend/dist/auth/github.strategy.d.ts' because it would overwrite input file.

[91merror[0m[90m TS5055: [0mCannot write file 'D:/c/dev-issue-tracker/Backend/dist/auth/jwt-payload.interface.d.ts' because it would overwrite input file.

[91merror[0m[90m TS5055: [0mCannot write file 'D:/c/dev-issue-tracker/Backend/dist/auth/jwt.strategy.d.ts' because it would overwrite input file.

[91merror[0m[90m TS5055: [0mCannot write file 'D:/c/dev-issue-tracker/Backend/dist/issues/dto/create-issue.dto.d.ts' because it would overwrite input file.

[91merror[0m[90m TS5055: [0mCannot write file 'D:/c/dev-issue-tracker/Backend/dist/issues/dto/filter-issue.dto.d.ts' because it would overwrite input file.

[91merror[0m[90m TS5055: [0mCannot write file 'D:/c/dev-issue-tracker/Backend/dist/issues/dto/update-assignee.dto.d.ts' because it would overwrite input file.

[91merror[0m[90m TS5055: [0mCannot write file 'D:/c/dev-issue-tracker/Backend/dist/issues/dto/update-issue.dto.d.ts' because it would overwrite input file.

[91merror[0m[90m TS5055: [0mCannot write file 'D:/c/dev-issue-tracker/Backend/dist/issues/dto/update-priority.dto.d.ts' because it would overwrite input file.

[91merror[0m[90m TS5055: [0mCannot write file 'D:/c/dev-issue-tracker/Backend/dist/issues/dto/update-status.dto.d.ts' because it would overwrite input file.

[91merror[0m[90m TS5055: [0mCannot write file 'D:/c/dev-issue-tracker/Backend/dist/notifications/notifications.controller.d.ts' because it would overwrite input file.

[91merror[0m[90m TS5055: [0mCannot write file 'D:/c/dev-issue-tracker/Backend/dist/notifications/notifications.module.d.ts' because it would overwrite input file.

[91merror[0m[90m TS5055: [0mCannot write file 'D:/c/dev-issue-tracker/Backend/dist/notifications/notifications.service.d.ts' because it would overwrite input file.

[91merror[0m[90m TS5055: [0mCannot write file 'D:/c/dev-issue-tracker/Backend/dist/prisma/prisma.module.d.ts' because it would overwrite input file.

[91merror[0m[90m TS5055: [0mCannot write file 'D:/c/dev-issue-tracker/Backend/dist/prisma/prisma.service.d.ts' because it would overwrite input file.

[91merror[0m[90m TS5055: [0mCannot write file 'D:/c/dev-issue-tracker/Backend/dist/projects/dto/add-member.dto.d.ts' because it would overwrite input file.

[91merror[0m[90m TS5055: [0mCannot write file 'D:/c/dev-issue-tracker/Backend/dist/projects/dto/create-project.dto.d.ts' because it would overwrite input file.

[91merror[0m[90m TS5055: [0mCannot write file 'D:/c/dev-issue-tracker/Backend/dist/projects/dto/update-member.dto.d.ts' because it would overwrite input file.

[91merror[0m[90m TS5055: [0mCannot write file 'D:/c/dev-issue-tracker/Backend/dist/projects/dto/update-project.dto.d.ts' because it would overwrite input file.

[91merror[0m[90m TS5055: [0mCannot write file 'D:/c/dev-issue-tracker/Backend/dist/projects/projects.controller.d.ts' because it would overwrite input file.

[91merror[0m[90m TS5055: [0mCannot write file 'D:/c/dev-issue-tracker/Backend/dist/projects/projects.module.d.ts' because it would overwrite input file.

[91merror[0m[90m TS5055: [0mCannot write file 'D:/c/dev-issue-tracker/Backend/dist/projects/projects.service.d.ts' because it would overwrite input file.

[91merror[0m[90m TS5055: [0mCannot write file 'D:/c/dev-issue-tracker/Backend/dist/realtime/realtime.gateway.d.ts' because it would overwrite input file.

[91merror[0m[90m TS5055: [0mCannot write file 'D:/c/dev-issue-tracker/Backend/dist/realtime/realtime.module.d.ts' because it would overwrite input file.

[91merror[0m[90m TS5055: [0mCannot write file 'D:/c/dev-issue-tracker/Backend/dist/realtime/realtime.service.d.ts' because it would overwrite input file.

[91merror[0m[90m TS5055: [0mCannot write file 'D:/c/dev-issue-tracker/Backend/dist/users/dto/create-user.dto.d.ts' because it would overwrite input file.

[91merror[0m[90m TS5055: [0mCannot write file 'D:/c/dev-issue-tracker/Backend/dist/users/dto/update-profile.dto.d.ts' because it would overwrite input file.

[91merror[0m[90m TS5055: [0mCannot write file 'D:/c/dev-issue-tracker/Backend/dist/users/users.controller.d.ts' because it would overwrite input file.

[91merror[0m[90m TS5055: [0mCannot write file 'D:/c/dev-issue-tracker/Backend/dist/users/users.module.d.ts' because it would overwrite input file.

[91merror[0m[90m TS5055: [0mCannot write file 'D:/c/dev-issue-tracker/Backend/dist/users/users.service.d.ts' because it would overwrite input file.

[[90m2:28:16 AM[0m] Found 37 errors. Watching for file changes.

[2J[3J[H[[90m2:28:17 AM[0m] File change detected. Starting incremental compilation...

[91merror[0m[90m TS5055: [0mCannot write file 'D:/c/dev-issue-tracker/Backend/dist/activity/activity.controller.d.ts' because it would overwrite input file.

[91merror[0m[90m TS5055: [0mCannot write file 'D:/c/dev-issue-tracker/Backend/dist/activity/activity.module.d.ts' because it would overwrite input file.

[91merror[0m[90m TS5055: [0mCannot write file 'D:/c/dev-issue-tracker/Backend/dist/activity/activity.service.d.ts' because it would overwrite input file.

[91merror[0m[90m TS5055: [0mCannot write file 'D:/c/dev-issue-tracker/Backend/dist/app.module.d.ts' because it would overwrite input file.

[91merror[0m[90m TS5055: [0mCannot write file 'D:/c/dev-issue-tracker/Backend/dist/auth/auth.controller.d.ts' because it would overwrite input file.

[91merror[0m[90m TS5055: [0mCannot write file 'D:/c/dev-issue-tracker/Backend/dist/auth/auth.guard.d.ts' because it would overwrite input file.

[91merror[0m[90m TS5055: [0mCannot write file 'D:/c/dev-issue-tracker/Backend/dist/auth/auth.module.d.ts' because it would overwrite input file.

[91merror[0m[90m TS5055: [0mCannot write file 'D:/c/dev-issue-tracker/Backend/dist/auth/auth.service.d.ts' because it would overwrite input file.

[91merror[0m[90m TS5055: [0mCannot write file 'D:/c/dev-issue-tracker/Backend/dist/auth/current-user.decorator.d.ts' because it would overwrite input file.

[91merror[0m[90m TS5055: [0mCannot write file 'D:/c/dev-issue-tracker/Backend/dist/auth/dto/login.dto.d.ts' because it would overwrite input file.

[91merror[0m[90m TS5055: [0mCannot write file 'D:/c/dev-issue-tracker/Backend/dist/auth/dto/signup.dto.d.ts' because it would overwrite input file.

[91merror[0m[90m TS5055: [0mCannot write file 'D:/c/dev-issue-tracker/Backend/dist/auth/github-link.guard.d.ts' because it would overwrite input file.

[91merror[0m[90m TS5055: [0mCannot write file 'D:/c/dev-issue-tracker/Backend/dist/auth/github.strategy.d.ts' because it would overwrite input file.

[91merror[0m[90m TS5055: [0mCannot write file 'D:/c/dev-issue-tracker/Backend/dist/auth/jwt-payload.interface.d.ts' because it would overwrite input file.

[91merror[0m[90m TS5055: [0mCannot write file 'D:/c/dev-issue-tracker/Backend/dist/auth/jwt.strategy.d.ts' because it would overwrite input file.

[91merror[0m[90m TS5055: [0mCannot write file 'D:/c/dev-issue-tracker/Backend/dist/comments/comments.controller.d.ts' because it would overwrite input file.

[91merror[0m[90m TS5055: [0mCannot write file 'D:/c/dev-issue-tracker/Backend/dist/comments/comments.module.d.ts' because it would overwrite input file.

[91merror[0m[90m TS5055: [0mCannot write file 'D:/c/dev-issue-tracker/Backend/dist/comments/comments.service.d.ts' because it would overwrite input file.

[91merror[0m[90m TS5055: [0mCannot write file 'D:/c/dev-issue-tracker/Backend/dist/comments/dto/create-comment.dto.d.ts' because it would overwrite input file.

[91merror[0m[90m TS5055: [0mCannot write file 'D:/c/dev-issue-tracker/Backend/dist/issues/dto/create-issue.dto.d.ts' because it would overwrite input file.

[91merror[0m[90m TS5055: [0mCannot write file 'D:/c/dev-issue-tracker/Backend/dist/issues/dto/filter-issue.dto.d.ts' because it would overwrite input file.

[91merror[0m[90m TS5055: [0mCannot write file 'D:/c/dev-issue-tracker/Backend/dist/issues/dto/update-assignee.dto.d.ts' because it would overwrite input file.

[91merror[0m[90m TS5055: [0mCannot write file 'D:/c/dev-issue-tracker/Backend/dist/issues/dto/update-issue.dto.d.ts' because it would overwrite input file.

[91merror[0m[90m TS5055: [0mCannot write file 'D:/c/dev-issue-tracker/Backend/dist/issues/dto/update-priority.dto.d.ts' because it would overwrite input file.

[91merror[0m[90m TS5055: [0mCannot write file 'D:/c/dev-issue-tracker/Backend/dist/issues/dto/update-status.dto.d.ts' because it would overwrite input file.

[91merror[0m[90m TS5055: [0mCannot write file 'D:/c/dev-issue-tracker/Backend/dist/issues/issues.controller.d.ts' because it would overwrite input file.

[91merror[0m[90m TS5055: [0mCannot write file 'D:/c/dev-issue-tracker/Backend/dist/issues/issues.module.d.ts' because it would overwrite input file.

[91merror[0m[90m TS5055: [0mCannot write file 'D:/c/dev-issue-tracker/Backend/dist/issues/issues.service.d.ts' because it would overwrite input file.

[91merror[0m[90m TS5055: [0mCannot write file 'D:/c/dev-issue-tracker/Backend/dist/main.d.ts' because it would overwrite input file.

[91merror[0m[90m TS5055: [0mCannot write file 'D:/c/dev-issue-tracker/Backend/dist/notifications/notifications.controller.d.ts' because it would overwrite input file.

[91merror[0m[90m TS5055: [0mCannot write file 'D:/c/dev-issue-tracker/Backend/dist/notifications/notifications.module.d.ts' because it would overwrite input file.

[91merror[0m[90m TS5055: [0mCannot write file 'D:/c/dev-issue-tracker/Backend/dist/notifications/notifications.service.d.ts' because it would overwrite input file.

[91merror[0m[90m TS5055: [0mCannot write file 'D:/c/dev-issue-tracker/Backend/dist/prisma/prisma.module.d.ts' because it would overwrite input file.

[91merror[0m[90m TS5055: [0mCannot write file 'D:/c/dev-issue-tracker/Backend/dist/prisma/prisma.service.d.ts' because it would overwrite input file.

[91merror[0m[90m TS5055: [0mCannot write file 'D:/c/dev-issue-tracker/Backend/dist/projects/dto/add-member.dto.d.ts' because it would overwrite input file.

[91merror[0m[90m TS5055: [0mCannot write file 'D:/c/dev-issue-tracker/Backend/dist/projects/dto/create-project.dto.d.ts' because it would overwrite input file.

[91merror[0m[90m TS5055: [0mCannot write file 'D:/c/dev-issue-tracker/Backend/dist/projects/dto/update-member.dto.d.ts' because it would overwrite input file.

[91merror[0m[90m TS5055: [0mCannot write file 'D:/c/dev-issue-tracker/Backend/dist/projects/dto/update-project.dto.d.ts' because it would overwrite input file.

[91merror[0m[90m TS5055: [0mCannot write file 'D:/c/dev-issue-tracker/Backend/dist/projects/projects.controller.d.ts' because it would overwrite input file.

[91merror[0m[90m TS5055: [0mCannot write file 'D:/c/dev-issue-tracker/Backend/dist/projects/projects.module.d.ts' because it would overwrite input file.

[91merror[0m[90m TS5055: [0mCannot write file 'D:/c/dev-issue-tracker/Backend/dist/projects/projects.service.d.ts' because it would overwrite input file.

[91merror[0m[90m TS5055: [0mCannot write file 'D:/c/dev-issue-tracker/Backend/dist/realtime/realtime.gateway.d.ts' because it would overwrite input file.

[91merror[0m[90m TS5055: [0mCannot write file 'D:/c/dev-issue-tracker/Backend/dist/realtime/realtime.module.d.ts' because it would overwrite input file.

[91merror[0m[90m TS5055: [0mCannot write file 'D:/c/dev-issue-tracker/Backend/dist/realtime/realtime.service.d.ts' because it would overwrite input file.

[91merror[0m[90m TS5055: [0mCannot write file 'D:/c/dev-issue-tracker/Backend/dist/users/dto/create-user.dto.d.ts' because it would overwrite input file.

[91merror[0m[90m TS5055: [0mCannot write file 'D:/c/dev-issue-tracker/Backend/dist/users/dto/update-profile.dto.d.ts' because it would overwrite input file.

[91merror[0m[90m TS5055: [0mCannot write file 'D:/c/dev-issue-tracker/Backend/dist/users/users.controller.d.ts' because it would overwrite input file.

[91merror[0m[90m TS5055: [0mCannot write file 'D:/c/dev-issue-tracker/Backend/dist/users/users.module.d.ts' because it would overwrite input file.

[91merror[0m[90m TS5055: [0mCannot write file 'D:/c/dev-issue-tracker/Backend/dist/users/users.service.d.ts' because it would overwrite input file.

[[90m2:28:17 AM[0m] Found 49 errors. Watching for file changes.

[2J[3J[H[[90m2:28:52 AM[0m] File change detected. Starting incremental compilation...

[[90m2:28:53 AM[0m] Found 0 errors. Watching for file changes.

[2J[3J[H[[90m2:28:58 AM[0m] File change detected. Starting incremental compilation...

[91merror[0m[90m TS5055: [0mCannot write file 'D:/c/dev-issue-tracker/Backend/dist/activity/activity.controller.d.ts' because it would overwrite input file.

[91merror[0m[90m TS5055: [0mCannot write file 'D:/c/dev-issue-tracker/Backend/dist/activity/activity.module.d.ts' because it would overwrite input file.

[91merror[0m[90m TS5055: [0mCannot write file 'D:/c/dev-issue-tracker/Backend/dist/activity/activity.service.d.ts' because it would overwrite input file.

[91merror[0m[90m TS5055: [0mCannot write file 'D:/c/dev-issue-tracker/Backend/dist/app.module.d.ts' because it would overwrite input file.

[91merror[0m[90m TS5055: [0mCannot write file 'D:/c/dev-issue-tracker/Backend/dist/auth/auth.controller.d.ts' because it would overwrite input file.

[91merror[0m[90m TS5055: [0mCannot write file 'D:/c/dev-issue-tracker/Backend/dist/auth/auth.guard.d.ts' because it would overwrite input file.

[91merror[0m[90m TS5055: [0mCannot write file 'D:/c/dev-issue-tracker/Backend/dist/auth/auth.module.d.ts' because it would overwrite input file.

[91merror[0m[90m TS5055: [0mCannot write file 'D:/c/dev-issue-tracker/Backend/dist/auth/auth.service.d.ts' because it would overwrite input file.

[91merror[0m[90m TS5055: [0mCannot write file 'D:/c/dev-issue-tracker/Backend/dist/auth/current-user.decorator.d.ts' because it would overwrite input file.

[91merror[0m[90m TS5055: [0mCannot write file 'D:/c/dev-issue-tracker/Backend/dist/auth/dto/login.dto.d.ts' because it would overwrite input file.

[91merror[0m[90m TS5055: [0mCannot write file 'D:/c/dev-issue-tracker/Backend/dist/auth/dto/signup.dto.d.ts' because it would overwrite input file.

[91merror[0m[90m TS5055: [0mCannot write file 'D:/c/dev-issue-tracker/Backend/dist/auth/github-link.guard.d.ts' because it would overwrite input file.

[91merror[0m[90m TS5055: [0mCannot write file 'D:/c/dev-issue-tracker/Backend/dist/auth/github.strategy.d.ts' because it would overwrite input file.

[91merror[0m[90m TS5055: [0mCannot write file 'D:/c/dev-issue-tracker/Backend/dist/auth/jwt-payload.interface.d.ts' because it would overwrite input file.

[91merror[0m[90m TS5055: [0mCannot write file 'D:/c/dev-issue-tracker/Backend/dist/auth/jwt.strategy.d.ts' because it would overwrite input file.

[91merror[0m[90m TS5055: [0mCannot write file 'D:/c/dev-issue-tracker/Backend/dist/comments/comments.controller.d.ts' because it would overwrite input file.

[91merror[0m[90m TS5055: [0mCannot write file 'D:/c/dev-issue-tracker/Backend/dist/comments/comments.module.d.ts' because it would overwrite input file.

[91merror[0m[90m TS5055: [0mCannot write file 'D:/c/dev-issue-tracker/Backend/dist/comments/comments.service.d.ts' because it would overwrite input file.

[91merror[0m[90m TS5055: [0mCannot write file 'D:/c/dev-issue-tracker/Backend/dist/comments/dto/create-comment.dto.d.ts' because it would overwrite input file.

[91merror[0m[90m TS5055: [0mCannot write file 'D:/c/dev-issue-tracker/Backend/dist/issues/dto/create-issue.dto.d.ts' because it would overwrite input file.

[91merror[0m[90m TS5055: [0mCannot write file 'D:/c/dev-issue-tracker/Backend/dist/issues/dto/filter-issue.dto.d.ts' because it would overwrite input file.

[91merror[0m[90m TS5055: [0mCannot write file 'D:/c/dev-issue-tracker/Backend/dist/issues/dto/update-assignee.dto.d.ts' because it would overwrite input file.

[91merror[0m[90m TS5055: [0mCannot write file 'D:/c/dev-issue-tracker/Backend/dist/issues/dto/update-issue.dto.d.ts' because it would overwrite input file.

[91merror[0m[90m TS5055: [0mCannot write file 'D:/c/dev-issue-tracker/Backend/dist/issues/dto/update-priority.dto.d.ts' because it would overwrite input file.

[91merror[0m[90m TS5055: [0mCannot write file 'D:/c/dev-issue-tracker/Backend/dist/issues/dto/update-status.dto.d.ts' because it would overwrite input file.

[91merror[0m[90m TS5055: [0mCannot write file 'D:/c/dev-issue-tracker/Backend/dist/issues/issues.controller.d.ts' because it would overwrite input file.

[91merror[0m[90m TS5055: [0mCannot write file 'D:/c/dev-issue-tracker/Backend/dist/issues/issues.module.d.ts' because it would overwrite input file.

[91merror[0m[90m TS5055: [0mCannot write file 'D:/c/dev-issue-tracker/Backend/dist/issues/issues.service.d.ts' because it would overwrite input file.

[91merror[0m[90m TS5055: [0mCannot write file 'D:/c/dev-issue-tracker/Backend/dist/main.d.ts' because it would overwrite input file.

[91merror[0m[90m TS5055: [0mCannot write file 'D:/c/dev-issue-tracker/Backend/dist/notifications/notifications.controller.d.ts' because it would overwrite input file.

[91merror[0m[90m TS5055: [0mCannot write file 'D:/c/dev-issue-tracker/Backend/dist/notifications/notifications.module.d.ts' because it would overwrite input file.

[91merror[0m[90m TS5055: [0mCannot write file 'D:/c/dev-issue-tracker/Backend/dist/notifications/notifications.service.d.ts' because it would overwrite input file.

[91merror[0m[90m TS5055: [0mCannot write file 'D:/c/dev-issue-tracker/Backend/dist/prisma/prisma.module.d.ts' because it would overwrite input file.

[91merror[0m[90m TS5055: [0mCannot write file 'D:/c/dev-issue-tracker/Backend/dist/prisma/prisma.service.d.ts' because it would overwrite input file.

[91merror[0m[90m TS5055: [0mCannot write file 'D:/c/dev-issue-tracker/Backend/dist/projects/dto/add-member.dto.d.ts' because it would overwrite input file.

[91merror[0m[90m TS5055: [0mCannot write file 'D:/c/dev-issue-tracker/Backend/dist/projects/dto/create-project.dto.d.ts' because it would overwrite input file.

[91merror[0m[90m TS5055: [0mCannot write file 'D:/c/dev-issue-tracker/Backend/dist/projects/dto/update-member.dto.d.ts' because it would overwrite input file.

[91merror[0m[90m TS5055: [0mCannot write file 'D:/c/dev-issue-tracker/Backend/dist/projects/dto/update-project.dto.d.ts' because it would overwrite input file.

[91merror[0m[90m TS5055: [0mCannot write file 'D:/c/dev-issue-tracker/Backend/dist/projects/projects.controller.d.ts' because it would overwrite input file.

[91merror[0m[90m TS5055: [0mCannot write file 'D:/c/dev-issue-tracker/Backend/dist/projects/projects.module.d.ts' because it would overwrite input file.

[91merror[0m[90m TS5055: [0mCannot write file 'D:/c/dev-issue-tracker/Backend/dist/projects/projects.service.d.ts' because it would overwrite input file.

[91merror[0m[90m TS5055: [0mCannot write file 'D:/c/dev-issue-tracker/Backend/dist/realtime/realtime.gateway.d.ts' because it would overwrite input file.

[91merror[0m[90m TS5055: [0mCannot write file 'D:/c/dev-issue-tracker/Backend/dist/realtime/realtime.module.d.ts' because it would overwrite input file.

[91merror[0m[90m TS5055: [0mCannot write file 'D:/c/dev-issue-tracker/Backend/dist/realtime/realtime.service.d.ts' because it would overwrite input file.

[91merror[0m[90m TS5055: [0mCannot write file 'D:/c/dev-issue-tracker/Backend/dist/users/dto/create-user.dto.d.ts' because it would overwrite input file.

[91merror[0m[90m TS5055: [0mCannot write file 'D:/c/dev-issue-tracker/Backend/dist/users/dto/update-profile.dto.d.ts' because it would overwrite input file.

[91merror[0m[90m TS5055: [0mCannot write file 'D:/c/dev-issue-tracker/Backend/dist/users/users.controller.d.ts' because it would overwrite input file.

[91merror[0m[90m TS5055: [0mCannot write file 'D:/c/dev-issue-tracker/Backend/dist/users/users.module.d.ts' because it would overwrite input file.

[91merror[0m[90m TS5055: [0mCannot write file 'D:/c/dev-issue-tracker/Backend/dist/users/users.service.d.ts' because it would overwrite input file.

[[90m2:28:59 AM[0m] Found 49 errors. Watching for file changes.

[2J[3J[H[[90m2:31:49 AM[0m] File change detected. Starting incremental compilation...

[[90m2:31:49 AM[0m] Found 0 errors. Watching for file changes.

[32m[Nest] 12076  - [39m08/19/2026, 2:31:52 AM [32m    LOG[39m [38;5;3m[NestFactory] [39m[32mStarting Nest application...[39m
[32m[Nest] 12076  - [39m08/19/2026, 2:31:52 AM [32m    LOG[39m [38;5;3m[InstanceLoader] [39m[32mAppModule dependencies initialized[39m[38;5;3m +31ms[39m
[32m[Nest] 12076  - [39m08/19/2026, 2:31:52 AM [32m    LOG[39m [38;5;3m[InstanceLoader] [39m[32mPrismaModule dependencies initialized[39m[38;5;3m +21ms[39m
[32m[Nest] 12076  - [39m08/19/2026, 2:31:52 AM [32m    LOG[39m [38;5;3m[InstanceLoader] [39m[32mPassportModule dependencies initialized[39m[38;5;3m +3ms[39m
[32m[Nest] 12076  - [39m08/19/2026, 2:31:52 AM [32m    LOG[39m [38;5;3m[InstanceLoader] [39m[32mJwtModule dependencies initialized[39m[38;5;3m +18ms[39m
[32m[Nest] 12076  - [39m08/19/2026, 2:31:52 AM [32m    LOG[39m [38;5;3m[InstanceLoader] [39m[32mRealtimeModule dependencies initialized[39m[38;5;3m +3ms[39m
[32m[Nest] 12076  - [39m08/19/2026, 2:31:52 AM [32m    LOG[39m [38;5;3m[InstanceLoader] [39m[32mActivityModule dependencies initialized[39m[38;5;3m +2ms[39m
[32m[Nest] 12076  - [39m08/19/2026, 2:31:52 AM [32m    LOG[39m [38;5;3m[InstanceLoader] [39m[32mUsersModule dependencies initialized[39m[38;5;3m +8ms[39m
[32m[Nest] 12076  - [39m08/19/2026, 2:31:52 AM [32m    LOG[39m [38;5;3m[InstanceLoader] [39m[32mNotificationsModule dependencies initialized[39m[38;5;3m +1ms[39m
[32m[Nest] 12076  - [39m08/19/2026, 2:31:52 AM [32m    LOG[39m [38;5;3m[InstanceLoader] [39m[32mProjectsModule dependencies initialized[39m[38;5;3m +1ms[39m
[32m[Nest] 12076  - [39m08/19/2026, 2:31:52 AM [32m    LOG[39m [38;5;3m[InstanceLoader] [39m[32mIssuesModule dependencies initialized[39m[38;5;3m +1ms[39m
[32m[Nest] 12076  - [39m08/19/2026, 2:31:52 AM [32m    LOG[39m [38;5;3m[InstanceLoader] [39m[32mCommentsModule dependencies initialized[39m[38;5;3m +0ms[39m
[32m[Nest] 12076  - [39m08/19/2026, 2:31:52 AM [32m    LOG[39m [38;5;3m[InstanceLoader] [39m[32mAuthModule dependencies initialized[39m[38;5;3m +0ms[39m
[32m[Nest] 12076  - [39m08/19/2026, 2:31:52 AM [32m    LOG[39m [38;5;3m[WebSocketsController] [39m[32mRealtimeGateway subscribed to the "join:project" message[39m[38;5;3m +117ms[39m
[32m[Nest] 12076  - [39m08/19/2026, 2:31:52 AM [32m    LOG[39m [38;5;3m[WebSocketsController] [39m[32mRealtimeGateway subscribed to the "leave:project" message[39m[38;5;3m +1ms[39m
[32m[Nest] 12076  - [39m08/19/2026, 2:31:52 AM [32m    LOG[39m [38;5;3m[WebSocketsController] [39m[32mRealtimeGateway subscribed to the "join:issue" message[39m[38;5;3m +0ms[39m
[32m[Nest] 12076  - [39m08/19/2026, 2:31:52 AM [32m    LOG[39m [38;5;3m[WebSocketsController] [39m[32mRealtimeGateway subscribed to the "leave:issue" message[39m[38;5;3m +0ms[39m
[32m[Nest] 12076  - [39m08/19/2026, 2:31:52 AM [32m    LOG[39m [38;5;3m[RoutesResolver] [39m[32mUsersController {/users}:[39m[38;5;3m +4ms[39m
[32m[Nest] 12076  - [39m08/19/2026, 2:31:52 AM [32m    LOG[39m [38;5;3m[RouterExplorer] [39m[32mMapped {/users, GET} route[39m[38;5;3m +5ms[39m
[32m[Nest] 12076  - [39m08/19/2026, 2:31:52 AM [32m    LOG[39m [38;5;3m[RouterExplorer] [39m[32mMapped {/users/profile, PATCH} route[39m[38;5;3m +4ms[39m
[32m[Nest] 12076  - [39m08/19/2026, 2:31:52 AM [32m    LOG[39m [38;5;3m[RouterExplorer] [39m[32mMapped {/users/me/github-status, GET} route[39m[38;5;3m +1ms[39m
[32m[Nest] 12076  - [39m08/19/2026, 2:31:52 AM [32m    LOG[39m [38;5;3m[RouterExplorer] [39m[32mMapped {/users/search, GET} route[39m[38;5;3m +1ms[39m
[32m[Nest] 12076  - [39m08/19/2026, 2:31:52 AM [32m    LOG[39m [38;5;3m[RouterExplorer] [39m[32mMapped {/users/:id, GET} route[39m[38;5;3m +1ms[39m
[32m[Nest] 12076  - [39m08/19/2026, 2:31:52 AM [32m    LOG[39m [38;5;3m[RoutesResolver] [39m[32mAuthController {/auth}:[39m[38;5;3m +0ms[39m
[32m[Nest] 12076  - [39m08/19/2026, 2:31:52 AM [32m    LOG[39m [38;5;3m[RouterExplorer] [39m[32mMapped {/auth/signup, POST} route[39m[38;5;3m +1ms[39m
[32m[Nest] 12076  - [39m08/19/2026, 2:31:52 AM [32m    LOG[39m [38;5;3m[RouterExplorer] [39m[32mMapped {/auth/login, POST} route[39m[38;5;3m +0ms[39m
[32m[Nest] 12076  - [39m08/19/2026, 2:31:52 AM [32m    LOG[39m [38;5;3m[RouterExplorer] [39m[32mMapped {/auth/me, GET} route[39m[38;5;3m +0ms[39m
[32m[Nest] 12076  - [39m08/19/2026, 2:31:52 AM [32m    LOG[39m [38;5;3m[RouterExplorer] [39m[32mMapped {/auth/github, GET} route[39m[38;5;3m +1ms[39m
[32m[Nest] 12076  - [39m08/19/2026, 2:31:52 AM [32m    LOG[39m [38;5;3m[RouterExplorer] [39m[32mMapped {/auth/github/callback, GET} route[39m[38;5;3m +1ms[39m
[32m[Nest] 12076  - [39m08/19/2026, 2:31:52 AM [32m    LOG[39m [38;5;3m[RouterExplorer] [39m[32mMapped {/auth/github, DELETE} route[39m[38;5;3m +1ms[39m
[32m[Nest] 12076  - [39m08/19/2026, 2:31:52 AM [32m    LOG[39m [38;5;3m[RoutesResolver] [39m[32mProjectsController {/projects}:[39m[38;5;3m +1ms[39m
[32m[Nest] 12076  - [39m08/19/2026, 2:31:52 AM [32m    LOG[39m [38;5;3m[RouterExplorer] [39m[32mMapped {/projects, POST} route[39m[38;5;3m +1ms[39m
[32m[Nest] 12076  - [39m08/19/2026, 2:31:52 AM [32m    LOG[39m [38;5;3m[RouterExplorer] [39m[32mMapped {/projects, GET} route[39m[38;5;3m +1ms[39m
[32m[Nest] 12076  - [39m08/19/2026, 2:31:52 AM [32m    LOG[39m [38;5;3m[RouterExplorer] [39m[32mMapped {/projects/:id/stats, GET} route[39m[38;5;3m +0ms[39m
[32m[Nest] 12076  - [39m08/19/2026, 2:31:52 AM [32m    LOG[39m [38;5;3m[RouterExplorer] [39m[32mMapped {/projects/:id, GET} route[39m[38;5;3m +1ms[39m
[32m[Nest] 12076  - [39m08/19/2026, 2:31:52 AM [32m    LOG[39m [38;5;3m[RouterExplorer] [39m[32mMapped {/projects/:id, PATCH} route[39m[38;5;3m +1ms[39m
[32m[Nest] 12076  - [39m08/19/2026, 2:31:52 AM [32m    LOG[39m [38;5;3m[RouterExplorer] [39m[32mMapped {/projects/:id/members, POST} route[39m[38;5;3m +0ms[39m
[32m[Nest] 12076  - [39m08/19/2026, 2:31:52 AM [32m    LOG[39m [38;5;3m[RouterExplorer] [39m[32mMapped {/projects/:id/members/:userId, PATCH} route[39m[38;5;3m +0ms[39m
[32m[Nest] 12076  - [39m08/19/2026, 2:31:52 AM [32m    LOG[39m [38;5;3m[RouterExplorer] [39m[32mMapped {/projects/:id/members/:userId, DELETE} route[39m[38;5;3m +1ms[39m
[32m[Nest] 12076  - [39m08/19/2026, 2:31:52 AM [32m    LOG[39m [38;5;3m[RoutesResolver] [39m[32mNotificationsController {/notifications}:[39m[38;5;3m +1ms[39m
[32m[Nest] 12076  - [39m08/19/2026, 2:31:52 AM [32m    LOG[39m [38;5;3m[RouterExplorer] [39m[32mMapped {/notifications, GET} route[39m[38;5;3m +1ms[39m
[32m[Nest] 12076  - [39m08/19/2026, 2:31:52 AM [32m    LOG[39m [38;5;3m[RouterExplorer] [39m[32mMapped {/notifications/unread-count, GET} route[39m[38;5;3m +1ms[39m
[32m[Nest] 12076  - [39m08/19/2026, 2:31:52 AM [32m    LOG[39m [38;5;3m[RouterExplorer] [39m[32mMapped {/notifications/read-all, PATCH} route[39m[38;5;3m +0ms[39m
[32m[Nest] 12076  - [39m08/19/2026, 2:31:52 AM [32m    LOG[39m [38;5;3m[RouterExplorer] [39m[32mMapped {/notifications/:id/read, PATCH} route[39m[38;5;3m +0ms[39m
[32m[Nest] 12076  - [39m08/19/2026, 2:31:52 AM [32m    LOG[39m [38;5;3m[RoutesResolver] [39m[32mIssuesController {/issues}:[39m[38;5;3m +1ms[39m
[32m[Nest] 12076  - [39m08/19/2026, 2:31:52 AM [32m    LOG[39m [38;5;3m[RouterExplorer] [39m[32mMapped {/issues, POST} route[39m[38;5;3m +0ms[39m
[32m[Nest] 12076  - [39m08/19/2026, 2:31:52 AM [32m    LOG[39m [38;5;3m[RouterExplorer] [39m[32mMapped {/issues, GET} route[39m[38;5;3m +1ms[39m
[32m[Nest] 12076  - [39m08/19/2026, 2:31:52 AM [32m    LOG[39m [38;5;3m[RouterExplorer] [39m[32mMapped {/issues/:id, GET} route[39m[38;5;3m +0ms[39m
[32m[Nest] 12076  - [39m08/19/2026, 2:31:52 AM [32m    LOG[39m [38;5;3m[RouterExplorer] [39m[32mMapped {/issues/:id, PATCH} route[39m[38;5;3m +0ms[39m
[32m[Nest] 12076  - [39m08/19/2026, 2:31:52 AM [32m    LOG[39m [38;5;3m[RouterExplorer] [39m[32mMapped {/issues/:id/status, PATCH} route[39m[38;5;3m +1ms[39m
[32m[Nest] 12076  - [39m08/19/2026, 2:31:52 AM [32m    LOG[39m [38;5;3m[RouterExplorer] [39m[32mMapped {/issues/:id/priority, PATCH} route[39m[38;5;3m +0ms[39m
[32m[Nest] 12076  - [39m08/19/2026, 2:31:52 AM [32m    LOG[39m [38;5;3m[RouterExplorer] [39m[32mMapped {/issues/:id/assignee, PATCH} route[39m[38;5;3m +0ms[39m
[32m[Nest] 12076  - [39m08/19/2026, 2:31:52 AM [32m    LOG[39m [38;5;3m[RoutesResolver] [39m[32mCommentsController {/issues/:issueId/comments}:[39m[38;5;3m +0ms[39m
[32m[Nest] 12076  - [39m08/19/2026, 2:31:52 AM [32m    LOG[39m [38;5;3m[RouterExplorer] [39m[32mMapped {/issues/:issueId/comments, POST} route[39m[38;5;3m +1ms[39m
[32m[Nest] 12076  - [39m08/19/2026, 2:31:52 AM [32m    LOG[39m [38;5;3m[RouterExplorer] [39m[32mMapped {/issues/:issueId/comments, GET} route[39m[38;5;3m +1ms[39m
[32m[Nest] 12076  - [39m08/19/2026, 2:31:52 AM [32m    LOG[39m [38;5;3m[RoutesResolver] [39m[32mActivityController {/issues/:issueId/activity}:[39m[38;5;3m +0ms[39m
[32m[Nest] 12076  - [39m08/19/2026, 2:31:52 AM [32m    LOG[39m [38;5;3m[RouterExplorer] [39m[32mMapped {/issues/:issueId/activity, GET} route[39m[38;5;3m +0ms[39m
[32m[Nest] 12076  - [39m08/19/2026, 2:31:52 AM [32m    LOG[39m [38;5;3m[NestApplication] [39m[32mNest application successfully started[39m[38;5;3m +78ms[39m
[2J[3J[H[[90m2:38:46 AM[0m] File change detected. Starting incremental compilation...

[[90m2:38:46 AM[0m] Found 0 errors. Watching for file changes.

[32m[Nest] 1600  - [39m08/19/2026, 2:38:48 AM [32m    LOG[39m [38;5;3m[NestFactory] [39m[32mStarting Nest application...[39m
[32m[Nest] 1600  - [39m08/19/2026, 2:38:48 AM [32m    LOG[39m [38;5;3m[InstanceLoader] [39m[32mAppModule dependencies initialized[39m[38;5;3m +26ms[39m
[32m[Nest] 1600  - [39m08/19/2026, 2:38:48 AM [32m    LOG[39m [38;5;3m[InstanceLoader] [39m[32mPrismaModule dependencies initialized[39m[38;5;3m +11ms[39m
[32m[Nest] 1600  - [39m08/19/2026, 2:38:48 AM [32m    LOG[39m [38;5;3m[InstanceLoader] [39m[32mPassportModule dependencies initialized[39m[38;5;3m +0ms[39m
[32m[Nest] 1600  - [39m08/19/2026, 2:38:48 AM [32m    LOG[39m [38;5;3m[InstanceLoader] [39m[32mJwtModule dependencies initialized[39m[38;5;3m +3ms[39m
[32m[Nest] 1600  - [39m08/19/2026, 2:38:48 AM [32m    LOG[39m [38;5;3m[InstanceLoader] [39m[32mRealtimeModule dependencies initialized[39m[38;5;3m +2ms[39m
[32m[Nest] 1600  - [39m08/19/2026, 2:38:48 AM [32m    LOG[39m [38;5;3m[InstanceLoader] [39m[32mActivityModule dependencies initialized[39m[38;5;3m +2ms[39m
[32m[Nest] 1600  - [39m08/19/2026, 2:38:48 AM [32m    LOG[39m [38;5;3m[InstanceLoader] [39m[32mUsersModule dependencies initialized[39m[38;5;3m +0ms[39m
[32m[Nest] 1600  - [39m08/19/2026, 2:38:48 AM [32m    LOG[39m [38;5;3m[InstanceLoader] [39m[32mNotificationsModule dependencies initialized[39m[38;5;3m +1ms[39m
[32m[Nest] 1600  - [39m08/19/2026, 2:38:48 AM [32m    LOG[39m [38;5;3m[InstanceLoader] [39m[32mProjectsModule dependencies initialized[39m[38;5;3m +1ms[39m
[32m[Nest] 1600  - [39m08/19/2026, 2:38:48 AM [32m    LOG[39m [38;5;3m[InstanceLoader] [39m[32mIssuesModule dependencies initialized[39m[38;5;3m +0ms[39m
[32m[Nest] 1600  - [39m08/19/2026, 2:38:48 AM [32m    LOG[39m [38;5;3m[InstanceLoader] [39m[32mCommentsModule dependencies initialized[39m[38;5;3m +0ms[39m
[32m[Nest] 1600  - [39m08/19/2026, 2:38:48 AM [32m    LOG[39m [38;5;3m[InstanceLoader] [39m[32mAuthModule dependencies initialized[39m[38;5;3m +1ms[39m
[32m[Nest] 1600  - [39m08/19/2026, 2:38:48 AM [32m    LOG[39m [38;5;3m[WebSocketsController] [39m[32mRealtimeGateway subscribed to the "join:project" message[39m[38;5;3m +91ms[39m
[32m[Nest] 1600  - [39m08/19/2026, 2:38:48 AM [32m    LOG[39m [38;5;3m[WebSocketsController] [39m[32mRealtimeGateway subscribed to the "leave:project" message[39m[38;5;3m +1ms[39m
[32m[Nest] 1600  - [39m08/19/2026, 2:38:48 AM [32m    LOG[39m [38;5;3m[WebSocketsController] [39m[32mRealtimeGateway subscribed to the "join:issue" message[39m[38;5;3m +0ms[39m
[32m[Nest] 1600  - [39m08/19/2026, 2:38:48 AM [32m    LOG[39m [38;5;3m[WebSocketsController] [39m[32mRealtimeGateway subscribed to the "leave:issue" message[39m[38;5;3m +0ms[39m
[32m[Nest] 1600  - [39m08/19/2026, 2:38:48 AM [32m    LOG[39m [38;5;3m[RoutesResolver] [39m[32mUsersController {/users}:[39m[38;5;3m +2ms[39m
[32m[Nest] 1600  - [39m08/19/2026, 2:38:48 AM [32m    LOG[39m [38;5;3m[RouterExplorer] [39m[32mMapped {/users, GET} route[39m[38;5;3m +3ms[39m
[32m[Nest] 1600  - [39m08/19/2026, 2:38:48 AM [32m    LOG[39m [38;5;3m[RouterExplorer] [39m[32mMapped {/users/profile, PATCH} route[39m[38;5;3m +1ms[39m
[32m[Nest] 1600  - [39m08/19/2026, 2:38:48 AM [32m    LOG[39m [38;5;3m[RouterExplorer] [39m[32mMapped {/users/me/github-status, GET} route[39m[38;5;3m +0ms[39m
[32m[Nest] 1600  - [39m08/19/2026, 2:38:48 AM [32m    LOG[39m [38;5;3m[RouterExplorer] [39m[32mMapped {/users/search, GET} route[39m[38;5;3m +1ms[39m
[32m[Nest] 1600  - [39m08/19/2026, 2:38:48 AM [32m    LOG[39m [38;5;3m[RouterExplorer] [39m[32mMapped {/users/:id, GET} route[39m[38;5;3m +1ms[39m
[32m[Nest] 1600  - [39m08/19/2026, 2:38:48 AM [32m    LOG[39m [38;5;3m[RoutesResolver] [39m[32mAuthController {/auth}:[39m[38;5;3m +0ms[39m
[32m[Nest] 1600  - [39m08/19/2026, 2:38:48 AM [32m    LOG[39m [38;5;3m[RouterExplorer] [39m[32mMapped {/auth/signup, POST} route[39m[38;5;3m +1ms[39m
[32m[Nest] 1600  - [39m08/19/2026, 2:38:48 AM [32m    LOG[39m [38;5;3m[RouterExplorer] [39m[32mMapped {/auth/login, POST} route[39m[38;5;3m +0ms[39m
[32m[Nest] 1600  - [39m08/19/2026, 2:38:48 AM [32m    LOG[39m [38;5;3m[RouterExplorer] [39m[32mMapped {/auth/me, GET} route[39m[38;5;3m +0ms[39m
[32m[Nest] 1600  - [39m08/19/2026, 2:38:48 AM [32m    LOG[39m [38;5;3m[RouterExplorer] [39m[32mMapped {/auth/github, GET} route[39m[38;5;3m +1ms[39m
[32m[Nest] 1600  - [39m08/19/2026, 2:38:48 AM [32m    LOG[39m [38;5;3m[RouterExplorer] [39m[32mMapped {/auth/github/callback, GET} route[39m[38;5;3m +1ms[39m
[32m[Nest] 1600  - [39m08/19/2026, 2:38:48 AM [32m    LOG[39m [38;5;3m[RouterExplorer] [39m[32mMapped {/auth/github, DELETE} route[39m[38;5;3m +0ms[39m
[32m[Nest] 1600  - [39m08/19/2026, 2:38:48 AM [32m    LOG[39m [38;5;3m[RoutesResolver] [39m[32mProjectsController {/projects}:[39m[38;5;3m +0ms[39m
[32m[Nest] 1600  - [39m08/19/2026, 2:38:48 AM [32m    LOG[39m [38;5;3m[RouterExplorer] [39m[32mMapped {/projects, POST} route[39m[38;5;3m +1ms[39m
[32m[Nest] 1600  - [39m08/19/2026, 2:38:48 AM [32m    LOG[39m [38;5;3m[RouterExplorer] [39m[32mMapped {/projects, GET} route[39m[38;5;3m +0ms[39m
[32m[Nest] 1600  - [39m08/19/2026, 2:38:48 AM [32m    LOG[39m [38;5;3m[RouterExplorer] [39m[32mMapped {/projects/:id/stats, GET} route[39m[38;5;3m +1ms[39m
[32m[Nest] 1600  - [39m08/19/2026, 2:38:48 AM [32m    LOG[39m [38;5;3m[RouterExplorer] [39m[32mMapped {/projects/:id, GET} route[39m[38;5;3m +0ms[39m
[32m[Nest] 1600  - [39m08/19/2026, 2:38:48 AM [32m    LOG[39m [38;5;3m[RouterExplorer] [39m[32mMapped {/projects/:id, PATCH} route[39m[38;5;3m +0ms[39m
[32m[Nest] 1600  - [39m08/19/2026, 2:38:48 AM [32m    LOG[39m [38;5;3m[RouterExplorer] [39m[32mMapped {/projects/:id/members, POST} route[39m[38;5;3m +1ms[39m
[32m[Nest] 1600  - [39m08/19/2026, 2:38:48 AM [32m    LOG[39m [38;5;3m[RouterExplorer] [39m[32mMapped {/projects/:id/members/:userId, PATCH} route[39m[38;5;3m +0ms[39m
[32m[Nest] 1600  - [39m08/19/2026, 2:38:48 AM [32m    LOG[39m [38;5;3m[RouterExplorer] [39m[32mMapped {/projects/:id/members/:userId, DELETE} route[39m[38;5;3m +1ms[39m
[32m[Nest] 1600  - [39m08/19/2026, 2:38:48 AM [32m    LOG[39m [38;5;3m[RoutesResolver] [39m[32mNotificationsController {/notifications}:[39m[38;5;3m +0ms[39m
[32m[Nest] 1600  - [39m08/19/2026, 2:38:48 AM [32m    LOG[39m [38;5;3m[RouterExplorer] [39m[32mMapped {/notifications, GET} route[39m[38;5;3m +1ms[39m
[32m[Nest] 1600  - [39m08/19/2026, 2:38:48 AM [32m    LOG[39m [38;5;3m[RouterExplorer] [39m[32mMapped {/notifications/unread-count, GET} route[39m[38;5;3m +0ms[39m
[32m[Nest] 1600  - [39m08/19/2026, 2:38:48 AM [32m    LOG[39m [38;5;3m[RouterExplorer] [39m[32mMapped {/notifications/read-all, PATCH} route[39m[38;5;3m +0ms[39m
[32m[Nest] 1600  - [39m08/19/2026, 2:38:48 AM [32m    LOG[39m [38;5;3m[RouterExplorer] [39m[32mMapped {/notifications/:id/read, PATCH} route[39m[38;5;3m +1ms[39m
[32m[Nest] 1600  - [39m08/19/2026, 2:38:48 AM [32m    LOG[39m [38;5;3m[RoutesResolver] [39m[32mIssuesController {/issues}:[39m[38;5;3m +0ms[39m
[32m[Nest] 1600  - [39m08/19/2026, 2:38:48 AM [32m    LOG[39m [38;5;3m[RouterExplorer] [39m[32mMapped {/issues, POST} route[39m[38;5;3m +0ms[39m
[32m[Nest] 1600  - [39m08/19/2026, 2:38:48 AM [32m    LOG[39m [38;5;3m[RouterExplorer] [39m[32mMapped {/issues, GET} route[39m[38;5;3m +1ms[39m
[32m[Nest] 1600  - [39m08/19/2026, 2:38:48 AM [32m    LOG[39m [38;5;3m[RouterExplorer] [39m[32mMapped {/issues/:id, GET} route[39m[38;5;3m +1ms[39m
[32m[Nest] 1600  - [39m08/19/2026, 2:38:48 AM [32m    LOG[39m [38;5;3m[RouterExplorer] [39m[32mMapped {/issues/:id, PATCH} route[39m[38;5;3m +0ms[39m
[32m[Nest] 1600  - [39m08/19/2026, 2:38:48 AM [32m    LOG[39m [38;5;3m[RouterExplorer] [39m[32mMapped {/issues/:id/status, PATCH} route[39m[38;5;3m +1ms[39m
[32m[Nest] 1600  - [39m08/19/2026, 2:38:48 AM [32m    LOG[39m [38;5;3m[RouterExplorer] [39m[32mMapped {/issues/:id/priority, PATCH} route[39m[38;5;3m +0ms[39m
[32m[Nest] 1600  - [39m08/19/2026, 2:38:48 AM [32m    LOG[39m [38;5;3m[RouterExplorer] [39m[32mMapped {/issues/:id/assignee, PATCH} route[39m[38;5;3m +1ms[39m
[32m[Nest] 1600  - [39m08/19/2026, 2:38:48 AM [32m    LOG[39m [38;5;3m[RoutesResolver] [39m[32mCommentsController {/issues/:issueId/comments}:[39m[38;5;3m +0ms[39m
[32m[Nest] 1600  - [39m08/19/2026, 2:38:48 AM [32m    LOG[39m [38;5;3m[RouterExplorer] [39m[32mMapped {/issues/:issueId/comments, POST} route[39m[38;5;3m +1ms[39m
[32m[Nest] 1600  - [39m08/19/2026, 2:38:48 AM [32m    LOG[39m [38;5;3m[RouterExplorer] [39m[32mMapped {/issues/:issueId/comments, GET} route[39m[38;5;3m +0ms[39m
[32m[Nest] 1600  - [39m08/19/2026, 2:38:48 AM [32m    LOG[39m [38;5;3m[RoutesResolver] [39m[32mActivityController {/issues/:issueId/activity}:[39m[38;5;3m +0ms[39m
[32m[Nest] 1600  - [39m08/19/2026, 2:38:48 AM [32m    LOG[39m [38;5;3m[RouterExplorer] [39m[32mMapped {/issues/:issueId/activity, GET} route[39m[38;5;3m +1ms[39m
[32m[Nest] 1600  - [39m08/19/2026, 2:38:48 AM [32m    LOG[39m [38;5;3m[NestApplication] [39m[32mNest application successfully started[39m[38;5;3m +60ms[39m
Backend API running on http://localhost:3000
[95m[Nest] 1600  - [39m08/19/2026, 2:38:49 AM [95m  DEBUG[39m [38;5;3m[RealtimeGateway] [39m[95mClient connected: -BP9zaKF4sZhfgghAAAB (user cmsx8lkud001jkan2nts4so9d)[39m
[95m[Nest] 1600  - [39m08/19/2026, 2:39:18 AM [95m  DEBUG[39m [38;5;3m[RealtimeGateway] [39m[95mClient disconnected: -BP9zaKF4sZhfgghAAAB[39m
[95m[Nest] 1600  - [39m08/19/2026, 2:39:41 AM [95m  DEBUG[39m [38;5;3m[RealtimeGateway] [39m[95mClient connected: RxinELOi3yFSIkRqAAAD (user cmsx8lkud001jkan2nts4so9d)[39m
[95m[Nest] 1600  - [39m08/19/2026, 2:39:43 AM [95m  DEBUG[39m [38;5;3m[RealtimeGateway] [39m[95mClient disconnected: RxinELOi3yFSIkRqAAAD[39m
[95m[Nest] 1600  - [39m08/19/2026, 2:39:48 AM [95m  DEBUG[39m [38;5;3m[RealtimeGateway] [39m[95mClient connected: iOpXlPMwN-m9sOjcAAAF (user cmsx8lkud001jkan2nts4so9d)[39m
